site,title,price,view,score,subject
groom,COS PRO 1급 기출문제 - C언어,0.0,65.0,0.0,C언어
groom,COS PRO 2급 기출문제 - C언어,0.0,201.0,5.0,C언어
groom,처음 시작하는 C언어,0.0,798.0,4.6,C언어
groom,안경잡이개발자가 알려주는 C언어 기초 프로그래밍,0.0,502.0,5.0,C언어
groom,"[2017 NIA SW교안 공유 공모전] C언어, 스크래치를 통해 알아보자",0.0,414.0,4.7,C언어
groom,한 눈에 끝내는 C언어 기초,0.0,8940.0,4.9,C언어
groom,레트로의 유니티 C# 프로그래밍 에센스,88000.0,28.0,5.0,C언어
groom,동시에 배우는 C와 C++,0.0,171.0,5.0,C언어
groom,COS PRO 1급 기출문제 - C++,0.0,46.0,0.0,C언어
groom,COS PRO 2급 기출문제 - C++,0.0,108.0,3.0,C언어
