site,title,price,view,score,subject
inflearn,홍정모의 따라하며 배우는 C언어,55000.0,1264.0,4.9,C언어
inflearn,문제로 배우는 C언어,11000.0,502.0,5.0,C언어
inflearn,홍정모의 따라하며 배우는 C언어 (부록),33000.0,51.0,-1.0,C언어
inflearn,처음 시작하는 C언어,11000.0,2031.0,4.5,C언어
inflearn,[C#과 유니티로 만드는 MMORPG 게임 개발 시리즈] Part3: 유니티 엔진,88000.0,412.0,5.0,C언어
inflearn,[C#과 유니티로 만드는 MMORPG 게임 개발 시리즈] Part2: 자료구조와 알고리즘,44000.0,464.0,4.9,C언어
inflearn,유니티(Unity)로 시작하는 게임개발: Part 2. C# 프로그래밍 입문,77000.0,43.0,-1.0,C언어
inflearn,[C#과 유니티로 만드는 MMORPG 게임 개발 시리즈] Part6: 웹 서버,44000.0,126.0,-1.0,C언어
inflearn,[C#과 유니티로 만드는 MMORPG 게임 개발 시리즈] Part4: 게임 서버,88000.0,384.0,4.9,C언어
inflearn,[C#과 유니티로 만드는 MMORPG 게임 개발 시리즈] Part1: C# 기초 프로그래밍 입문,44000.0,606.0,5.0,C언어
inflearn,C# OpenCV 컴퓨터비전 입문 강좌,33000.0,111.0,4.8,C언어
inflearn,아무것도 모르고 시작하는 C#,19800.0,7.0,-1.0,C언어
inflearn,C# 윈폼_ 응용프로그램 개발,77000.0,25.0,-1.0,C언어
inflearn,C# 프로그래밍 기초,16500.0,102.0,4.9,C언어
inflearn,레트로의 유니티 C# 게임 프로그래밍 에센스,88000.0,783.0,4.9,C언어
inflearn,[C#과 유니티로 만드는 MMORPG 게임 개발 시리즈] Part5: 데이터베이스,44000.0,159.0,5.0,C언어
inflearn,C# 처음부터 배우기,0.0,490.0,4.0,C언어
inflearn,C# 프로그래밍,0.0,5074.0,4.8,C언어
inflearn,14일만에 배우는 C#닷넷코어,33000.0,95.0,4.0,C언어
inflearn,C# 네트워크 프로그래밍,0.0,1576.0,4.4,C언어
inflearn,[C# 초보 강좌] 예제로 배우는 C#,0.0,6076.0,4.9,C언어
inflearn,[C# 중급 강좌] 라이브러리 만들기,0.0,2096.0,4.9,C언어
inflearn,it 취업을 위한 알고리즘 문제풀이 (with C/C++) : 코딩테스트 대비,77000.0,753.0,4.9,C언어
inflearn,홍정모의 따라하며 배우는 C++,77000.0,2515.0,4.9,C언어
inflearn,언리얼 엔진 4 C++ : Time Travel RPG 제작,55000.0,124.0,3.3,C언어
inflearn,C++ Let's Make Games,0.0,3779.0,4.6,C언어
inflearn,C 와 C++ 을 동시에 배워보자 - 두들낙서의 C/C++,0.0,8430.0,4.9,C언어
inflearn,C++ 로 배우는 자료구조와 알고리즘,0.0,4979.0,3.8,C언어
