site,title,view,score,subject
kocw,C언어기초,45473.0,3.2,C언어
kocw,C언어프로그래밍1,57806.0,4.0,C언어
kocw,C언어프로그래밍,46420.0,5.0,C언어
kocw,C언어프로그래밍,64118.0,4.8,C언어
kocw,C언어 기초,69018.0,2.8,C언어
kocw,C언어기초,45383.0,-1.0,C언어
kocw,C언어프로그래밍(1),501.0,-1.0,C언어
kocw,실전 C언어 프로그래밍,14334.0,2.5,C언어
kocw,C언어기반 코딩교육,10800.0,3.7,C언어
kocw,실전 C언어 프로그래밍,14335.0,2.5,C언어
kocw,C언어프로그래밍,64119.0,4.8,C언어
kocw,C언어프로그래밍(1),502.0,-1.0,C언어
kocw,C언어프로그래밍1,57807.0,4.0,C언어
kocw,C언어프로그래밍,46421.0,5.0,C언어
kocw,C언어기초,45474.0,3.2,C언어
kocw,C언어 기초,69019.0,2.8,C언어
kocw,문제 해결 중심의 C#프로그래밍,20302.0,-1.0,C언어
kocw,Visual C# GUI 프로그래밍,22354.0,5.0,C언어
kocw,C++를 이용한 객체지향프로그래밍,6871.0,5.0,C언어
kocw,C++프로그래밍,65349.0,4.6,C언어
kocw,C++프로그래밍,7021.0,5.0,C언어
kocw,C++를 이용한 객체지향프로그래밍,6872.0,5.0,C언어
,c언어 컴퓨터 프로그래밍,40401.0,4.0,C언어
,c언어 컴퓨터 프로그래밍,40402.0,4.0,C언어
