site,title,price,view,subject
programmers,[Python/문제풀이] K사 코딩테스트 기출문제 Best7,70000.0,50.0,파이썬
programmers,"[Python/문제풀이] 파이썬을 무기로, 코딩테스트 광탈을 면하자!",70000.0,238.0,파이썬
programmers,COS Pro 2급 Python 모의고사,0.0,3873.0,파이썬
programmers,"[Python/문제풀이] 파이썬을 무기로, 코딩테스트 광탈을 면하자!",70000.0,238.0,파이썬
programmers,파이썬을 파이썬답게,0.0,12556.0,파이썬
programmers,[저자직강] Hello Coding 한입에 쏙 파이썬: 크리에이터 김왼손의 쉽고 빠른 파이썬 강의,0.0,2282.0,파이썬
programmers,김왼손의 미운코딩새끼: 4시간만에 끝내는 파이썬 기초,0.0,2911.0,파이썬
programmers,파이썬 입문,0.0,29877.0,파이썬
