site,title,view,score,subject
kocw,Python기반 코딩교육,26477.0,4.5,파이썬
kocw,Python기반 코딩교육,26478.0,4.5,파이썬
kocw,파이썬 배우기,25566.0,5.0,파이썬
kocw,라즈베리 파이 환경에서의 파이썬 기반 영상분석,25770.0,1.2,파이썬
kocw,파이썬 데이터 분석,441.0,-1.0,파이썬
kocw,파이썬 프로그래밍,15718.0,4.0,파이썬
kocw,예제 중심의 파이썬 프로그래밍 (기초편),17582.0,4.0,파이썬
kocw,파이썬 기초 문법과 활용,18024.0,5.0,파이썬
kocw,예제 중심의 파이썬 프로그래밍 (기초편),17583.0,4.0,파이썬
kocw,파이썬 프로그래밍,15719.0,4.0,파이썬
kocw,파이썬 배우기,25567.0,5.0,파이썬
kocw,파이썬 기초 문법과 활용,18025.0,5.0,파이썬
kocw,파이썬 프로그래밍,15720.0,4.0,파이썬
kocw,예제 중심의 파이썬 프로그래밍 (기초편),17584.0,4.0,파이썬
