site,title,price,view,score,subject
inflearn,Python 엑셀 프로그래밍 - with xlsxwriter,55000.0,7.0,-1.0,파이썬
inflearn,Python을 이용한 주가 백테스팅 시스템 구축하기,55000.0,57.0,-1.0,파이썬
inflearn,제주 하간디 이신 데이터들 Python으로 몬딱 분석해불게,88000.0,94.0,-1.0,파이썬
inflearn,Python 부트캠프,55000.0,88.0,-1.0,파이썬
inflearn,"HTML, CSS, JS, Python 30분 요약강좌",0.0,3792.0,4.8,파이썬
inflearn,(Python) 누구나 캐글에 입문할 수 있다 (feat. 지방대/비전공/인문학도),36300.0,11.0,-1.0,파이썬
inflearn,처음하는 코딩 - 러플 (중등교육 - Python),0.0,129.0,-1.0,파이썬
inflearn,제주코딩베이스캠프 Code Festival: Python 100제,55000.0,485.0,4.8,파이썬
inflearn,실전 파이썬 게임 만들기 (Python),0.0,3983.0,4.8,파이썬
inflearn,파이썬 크롤링(Python Crawling) 으로 웹 데이터 추출 입문부터 실습까지,38500.0,47.0,3.8,파이썬
inflearn,30분 요약 강좌 시즌2 : Python 활용편,0.0,479.0,5.0,파이썬
inflearn,WEB2 - Python 기초,0.0,2215.0,5.0,파이썬
inflearn,남박사의 파이썬으로 실전 웹사이트 만들기,55000.0,343.0,5.0,파이썬
inflearn,프로그래밍 시작하기 : 파이썬 입문 (Inflearn Original),55000.0,4688.0,4.7,파이썬
inflearn,우리를 위한 프로그래밍 : 파이썬 중급 (Inflearn Original),55000.0,1954.0,4.7,파이썬
inflearn,[OpenCV] 파이썬 딥러닝 영상처리 프로젝트 - 손흥민을 찾아라!,55000.0,253.0,4.6,파이썬
inflearn,파이썬 알고리즘 문제풀이(코딩테스트 대비),66000.0,909.0,5.0,파이썬
inflearn,SQL/DB(MySQL) 기본부터 파이썬/데이터분석 활용까지!,44000.0,487.0,4.7,파이썬
inflearn,공공데이터로 파이썬 데이터 분석 시작하기,55000.0,2442.0,4.8,파이썬
inflearn,[OpenCV] 파이썬 딥러닝 영상처리 프로젝트 2 - 불량사과를 찾아라!,77000.0,59.0,-1.0,파이썬
inflearn,파이썬 머신러닝 완벽 가이드,99000.0,1174.0,4.9,파이썬
inflearn,파이썬 데이터시각화 분석 실전 프로젝트,33000.0,303.0,4.6,파이썬
inflearn,남박사의 파이썬 실전 100% 활용,66000.0,944.0,4.9,파이썬
inflearn,"프로그래밍, 데이터 과학을 위한 파이썬 입문",33000.0,2030.0,4.6,파이썬
inflearn,"처음하는 파이썬 데이터 분석 [전처리, pandas, 시각화까지 전과정 기본 기술 쉽게 익히기]",55000.0,135.0,5.0,파이썬
inflearn,"파이썬 웹 개발(Flask, SQLAlchemy 이용)",22000.0,13.0,-1.0,파이썬
inflearn,파이썬 판다스(pandas)로 데이터 분석 및 가공하기,22000.0,11.0,-1.0,파이썬
inflearn,파이썬 무료 강의 (기본편) - 6시간 뒤면 나도 개발자,0.0,7555.0,4.9,파이썬
inflearn,[텐서플로2] 파이썬 머신러닝 완전정복 - 마라톤 기록예측 프로젝트,33000.0,203.0,4.3,파이썬
inflearn,NoSQL DB (몽고DB/mongodb)  기본부터 파이썬/데이터분석 활용까지!,44000.0,360.0,4.8,파이썬
inflearn,행정직을 위한 정시퇴근각 - 파이썬 업무자동화,11000.0,156.0,4.8,파이썬
inflearn,[저자직강] Hello Coding 한입에 쏙 파이썬: 크리에이터 김왼손의 쉽고 빠른 파이썬 강의,0.0,2226.0,4.7,파이썬
inflearn,파이썬 입문 및 웹 크롤링을 활용한 다양한 자동화 어플리케이션 제작하기,55000.0,1521.0,4.9,파이썬
inflearn,"코린아, 코딩하자! with 파이썬",0.0,38.0,-1.0,파이썬
inflearn,파이썬 무료 강의 (활용편2) - GUI 프로그래밍 (4시간),0.0,395.0,5.0,파이썬
inflearn,초보자도 간단히 단숨에 배우는 파이썬 프로그래밍,0.0,755.0,5.0,파이썬
inflearn,김대리님 이게 바로 업무 자동화입니다 (엑셀 + 파이썬),16500.0,36.0,4.7,파이썬
inflearn,웹 자동화 프로그램 만들기(파이썬 + 셀레니움),11000.0,61.0,-1.0,파이썬
inflearn,초간단 초스피드 데이터 수집 (파이썬 크롤링),11000.0,57.0,4.5,파이썬
inflearn,"[텐서플로2] 파이썬 딥러닝 완전정복 - GAN, BERT, RNN, CNN 최신기법",33000.0,157.0,3.5,파이썬
inflearn,"업무 자동화를 위한 파이썬 pyautogui, beautifulsoup 크롤링 기초",0.0,1763.0,4.9,파이썬
inflearn,파이썬입문과 크롤링기초 부트캠프 (2020 업데이트) [쉽게! 견고한 자료까지!],55000.0,1043.0,4.9,파이썬
inflearn,파이썬 레시피 - 웹 활용 입문편 (전자책 포함),0.0,2128.0,4.8,파이썬
inflearn,파이썬을 활용한 선형대수학 - NumPy와 SciPy의 활용,55000.0,194.0,-1.0,파이썬
inflearn,파이썬 사용자를 위한 웹개발 입문 A to Z Django + Bootstrap,55000.0,714.0,4.4,파이썬
inflearn,파이썬으로 장고(Django) 공략하기: 입문,44000.0,337.0,4.6,파이썬
inflearn,파이썬으로 구현하는 거래 자동화 봇 (챗봇),55000.0,144.0,4.4,파이썬
inflearn,김왼손의 미운코딩새끼: 4시간만에 끝내는 파이썬 기초 (전자책 포함),0.0,12207.0,4.9,파이썬
inflearn,파이썬을 이용한 IT 해킹과 보안,110000.0,255.0,4.7,파이썬
inflearn,파이썬 무료 강의 (활용편1) - 추억의 오락실 게임 만들기 (3시간),0.0,1257.0,4.9,파이썬
inflearn,실시간 트렌드 홈페이지 개발(파이썬 크롤링 + Flask),13200.0,83.0,5.0,파이썬
inflearn,입문자를 위한 파이썬 기초 따라잡기,0.0,1351.0,4.9,파이썬
inflearn,파이썬 100분 핵심강의,22000.0,116.0,4.0,파이썬
inflearn,파이썬으로 영화 예매 오픈 알리미 만들기,0.0,3319.0,4.9,파이썬
inflearn,파이썬 라즈베리파이 IoT프로젝트-원격모니터링 자동차,33000.0,106.0,4.5,파이썬
inflearn,파이썬스쿨 - 파이썬 프로그래밍을 이용한 업무 자동화,121000.0,222.0,4.8,파이썬
inflearn,마인크래프트 게임을 활용한 파이썬 프로그래밍 완벽 이해,55000.0,230.0,4.6,파이썬
inflearn,실전 파이썬 게임 만들기 (Python),0.0,3983.0,4.8,파이썬
inflearn,파이썬 프로그래밍,0.0,5160.0,4.8,파이썬
inflearn,파이썬 크롤링(Python Crawling) 으로 웹 데이터 추출 입문부터 실습까지,38500.0,47.0,3.8,파이썬
inflearn,[NLP] IMDB 영화리뷰 감정 분석을 통한 파이썬 텍스트 분석과 자연어 처리,22000.0,2150.0,4.5,파이썬
inflearn,머신러닝 이론 및 파이썬 실습,0.0,6664.0,4.8,파이썬
inflearn,초절정 파이썬 강좌 (python),0.0,4885.0,4.0,파이썬
inflearn,김왼손의 파이썬 예제 뽀개기,0.0,1421.0,4.9,파이썬
inflearn,파이썬을 활용한 데이터분석과 IT보안,132000.0,88.0,5.0,파이썬
inflearn,파이썬 웹 프로그래밍 - Django로 웹 서비스 개발하기,55000.0,626.0,3.9,파이썬
inflearn,프로젝트를 통해 배우는 파이썬 프로그램,0.0,2199.0,4.2,파이썬
inflearn,처음 시작하는 파이썬,16500.0,151.0,4.6,파이썬
inflearn,파이썬을 이용한 웹 크롤링(Web Crawling) 어플리케이션 만들기,0.0,7030.0,4.3,파이썬
inflearn,빠르게 활용 가능한 파이썬 3.2 프로그래밍,0.0,1619.0,3.3,파이썬
,초절정 파이썬 강좌 (python),0.0,4885.0,4.0,파이썬
,MIT 공개강좌 - 컴퓨터 과학 & 프로그래밍 입문 (python),0.0,2638.0,-1.0,파이썬
