site,title,price,view,score,subject
inflearn,함수형 프로그래밍과 JavaScript ES6+ 응용편,44000.0,751.0,5.0,자바
inflearn,"더 자바, Java 8",55000.0,184.0,4.7,자바
inflearn,"Java TPC(생각하고, 표현하고, 코딩하고)",27500.0,350.0,5.0,자바
inflearn,Javascript ES6+ 제대로 알아보기 - 중급,49500.0,351.0,4.9,자바
inflearn,제주코딩베이스캠프 Code Festival: JavaScript 100제,55000.0,288.0,4.7,자바
inflearn,Javascript 핵심 개념 알아보기 - JS Flow,15400.0,1766.0,4.7,자바
inflearn,"웹 개발 슈퍼 기초 (HTML, CSS, Javascript)",11000.0,74.0,5.0,자바
inflearn,Java 기반 Android 9.0(pie) App 개발 고급 3단계,27500.0,73.0,-1.0,자바
inflearn,함수형 프로그래밍과 JavaScript ES6+,55000.0,1300.0,4.8,자바
inflearn,Javascript ES6+ 제대로 알아보기 - 초급,34650.0,683.0,5.0,자바
inflearn,Javascript ES6+ 제대로 알아보기 - 보너스,0.0,511.0,5.0,자바
inflearn,처음하는 코딩 - 플레이봇 (중등교육 -Javascript),22000.0,9.0,-1.0,자바
inflearn,생활코딩 - JavaScript Immutability,0.0,585.0,4.9,자바
inflearn,쉽고 자연스럽게 배워보는 Javascript 입문 - 코드스쿼드 마스터즈 코스 레벨1,22000.0,581.0,4.9,자바
inflearn,MongoDB - Javascript로 배우는 NoSQL DB,33000.0,286.0,3.9,자바
inflearn,Java로 배우는 자료구조,0.0,6496.0,4.7,자바
inflearn,웹브라우저 Javascript (자바스크립트),0.0,5358.0,4.9,자바
inflearn,Java TPC 실전프로젝트(Java API 활용),16500.0,139.0,4.0,자바
inflearn,게임으로 배우는 JavaScript,0.0,863.0,-1.0,자바
inflearn,WEB2 - JavaScript,0.0,4996.0,4.9,자바
inflearn,Java 기반 Android 9.0(pie) App 개발 기본 1단계,27500.0,198.0,4.6,자바
inflearn,Kevin의 알기 쉬운 Java 개발자 로드맵 이야기,0.0,1564.0,4.5,자바
inflearn,Java 기반 Android 9.0(pie) App 개발 심화 2단계,27500.0,136.0,-1.0,자바
inflearn,윤재성의 처음시작하는 JavaScript Tutorials,16500.0,42.0,-1.0,자바
inflearn,"더 자바, 애플리케이션을 테스트하는 다양한 방법",66000.0,688.0,4.7,자바
inflearn,"더 자바, Java 8",55000.0,184.0,4.7,자바
inflearn,자바 머신러닝 weka(웨카) 중급,33000.0,9.0,-1.0,자바
inflearn,자바스크립트 머신러닝 TensorFlow.js,55000.0,45.0,-1.0,자바
inflearn,"더 자바, 코드를 조작하는 다양한 방법",49500.0,1184.0,4.9,자바
inflearn,자바 : 클래스의 이해와 객체지향 프로그래밍,16500.0,364.0,4.7,자바
inflearn,자바 ORM 표준 JPA 프로그래밍 - 기본편,121000.0,1505.0,5.0,자바
inflearn,자바스크립트 ES6+ 기본,33000.0,66.0,-1.0,자바
inflearn,호주 현직 자바 개발자가 묻고 답하는 영어 기술면접 25,16500.0,48.0,5.0,자바
inflearn,자바 스프링 프레임워크(renew ver.) - 신입 프로그래머를 위한 강좌,16500.0,27929.0,4.7,자바
inflearn,"그림으로 배우는 자바, 파트1: 입문!",19800.0,354.0,4.9,자바
inflearn,자바스크립트 중고급: 근본 핵심 이해,38500.0,197.0,4.5,자바
inflearn,자바스크립트 비기너: 튼튼한 기본 만들기,33000.0,211.0,4.6,자바
inflearn,Do it! 자바 프로그래밍 입문,0.0,3408.0,4.9,자바
inflearn,웹 게임을 만들며 배우는 자바스크립트,0.0,5487.0,4.7,자바
inflearn,자바스크립트로 알아보는 함수형 프로그래밍 (ES5),0.0,8016.0,4.8,자바
inflearn,자바 머신러닝 weka(웨카) 초급,0.0,875.0,5.0,자바
inflearn,정말 쉽게 풀어보는  코딩 테스트 top 기본 문제 (with 자바),44000.0,375.0,3.9,자바
inflearn,자바 프로그래밍 입문 강좌 (renew ver.) - 초보부터 개발자 취업까지!!,5500.0,38547.0,4.6,자바
inflearn,모던 자바스크립트(javascript) 개발을 위한 ES6 강좌,0.0,5786.0,4.6,자바
inflearn,Node.js 웹개발로 알아보는 백엔드 자바스크립트의 이해,0.0,6036.0,4.5,자바
inflearn,자바 디자인 패턴의 이해 - Gof Design Pattern,0.0,5911.0,4.8,자바
inflearn,웹브라우저 Javascript (자바스크립트),0.0,5358.0,4.9,자바
inflearn,"그림으로 배우는 자바, 파트2: 객체지향!",19800.0,293.0,4.8,자바
inflearn,자바(javafx) 실전 데스크탑앱 프로젝트 - 유튜브관리앱,24200.0,30.0,5.0,자바
inflearn,윤재성의 안드로이드를 위한 자바 프로그래밍,11000.0,1668.0,4.8,자바
inflearn,왕초보 블록체인 개념 완벽 이해하기(with 자바),44000.0,106.0,3.6,자바
inflearn,자바(JAVA) 언어 기본 강좌,0.0,3948.0,4.3,자바
inflearn,자바스크립트 언어 기본 - javascript,0.0,12679.0,4.9,자바
inflearn,실전 자바 01 초보자 편,16500.0,44.0,-1.0,자바
inflearn,디자인 패턴 with JAVA (GoF),33000.0,460.0,4.6,자바
inflearn,만들어 가면서 배우는 JAVA 플레이그라운드,0.0,3331.0,4.5,자바
inflearn,자바(JAVA) 언어 기본 강좌,0.0,3948.0,4.3,자바
inflearn,2. 웹개발 코스 [JAVA 개발언어],0.0,468.0,4.0,자바
,실습 UI 개발로 배워보는 순수 javascript 와 VueJS 개발,44000.0,1210.0,4.9,자바
,javascript 로 데스크탑 앱을 - 일렉트론 기초 강좌,55000.0,188.0,4.9,자바
,모던 자바스크립트(javascript) 개발을 위한 ES6 강좌,0.0,5786.0,4.6,자바
,자바(javafx) 실전 데스크탑앱 프로젝트 - 유튜브관리앱,24200.0,30.0,5.0,자바
,자바스크립트 언어 기본 - javascript,0.0,12679.0,4.9,자바
