site,title,price,view,subject
programmers,[Java/문제풀이] 코딩테스트 광탈 방지 Kit: Java편,70000.0,50.0,자바
programmers,"Java Playground: 자바, 무섭지 않아요!",0.0,3080.0,자바
programmers,"Hello, JavaScript: 자바스크립트 입문",0.0,9618.0,자바
programmers,[바닐라코딩] 자바스크립트 this 정복하기,0.0,778.0,자바
programmers,"Java Playground: 자바, 무섭지 않아요!",0.0,3080.0,자바
programmers,자바 입문,0.0,30605.0,자바
programmers,자바 중급,0.0,8736.0,자바
programmers,"Hello, JavaScript: 자바스크립트 입문",0.0,9618.0,자바
programmers,자바스크립트와 웹 프론트엔드,0.0,5015.0,자바
programmers,자바로 배우는 자료구조(with 생활코딩),0.0,7713.0,자바
