site,title,view,score,subject
kocw,프로그래밍: Java를 활용한,7924.0,5.0,자바
kocw,프로그래밍: Java를 활용한,7925.0,5.0,자바
kocw,프로그래밍: Java를 활용한,7926.0,5.0,자바
kocw,"HTML5, CSS3, Javascript 기반의 웹 서비스 개발",15781.0,-1.0,자바
kocw,자바 프로그래밍응용,25955.0,4.5,자바
kocw,자바프로그래밍,23970.0,-1.0,자바
kocw,"자바, 조금 더 공부하기",9103.0,-1.0,자바
kocw,"자바프로그래밍, 모바일프로그래밍(선후수 연계교과목)",24461.0,-1.0,자바
kocw,자바와 함께하는 프로그래밍 기초,18963.0,-1.0,자바
kocw,자바 프로그래밍응용,25956.0,4.5,자바
kocw,자바프로그래밍,23971.0,-1.0,자바
kocw,"자바프로그래밍, 모바일프로그래밍(선후수 연계교과목)",24462.0,-1.0,자바
kocw,자바와 함께하는 프로그래밍 기초,18964.0,-1.0,자바
kocw,"자바, 조금 더 공부하기",9104.0,-1.0,자바
kocw,자바프로그래밍,23972.0,-1.0,자바
kocw,자바와 함께하는 프로그래밍 기초,18965.0,-1.0,자바
kocw,자바 프로그래밍응용,25957.0,4.5,자바
kocw,"자바프로그래밍, 모바일프로그래밍(선후수 연계교과목)",24463.0,-1.0,자바
kocw,"자바, 조금 더 공부하기",9105.0,-1.0,자바
kocw,기초 JAVA 언어,3866.0,-1.0,자바
kocw,JAVA프로그래밍2,591.0,-1.0,자바
kocw,JAVA프로그래밍1,908.0,5.0,자바
kocw,JAVA프로그래밍,30052.0,2.0,자바
kocw,기초 JAVA 언어,3867.0,-1.0,자바
kocw,JAVA프로그래밍1,909.0,5.0,자바
kocw,JAVA프로그래밍2,592.0,-1.0,자바
kocw,JAVA프로그래밍,30053.0,2.0,자바
kocw,JAVA프로그래밍,30054.0,2.0,자바
kocw,JAVA프로그래밍1,910.0,5.0,자바
kocw,JAVA프로그래밍2,593.0,-1.0,자바
