site,title,price,view,score,subject
groom,일본어로 배우는 Java 입문,30000.0,0.0,0.0,자바
groom,COS PRO 1급 기출문제 - Java,0.0,38.0,0.0,자바
groom,프레임워크를 위한 JavaScript ES6,34300.0,1404.0,5.0,자바
groom,COS PRO 2급 기출문제 - Java,0.0,84.0,1.0,자바
groom,[바로실습] 생활코딩 - JavaScript Immutability,0.0,109.0,0.0,자바
groom,처음 시작하는 JavaScript Programming,16500.0,1.0,0.0,자바
groom,Java 기반 Android 9.0 Pie App 개발 고급,27500.0,1.0,0.0,자바
groom,Java 기반 Android 9.0 Pie App 개발 심화,27500.0,1.0,0.0,자바
groom,Java 기반 Android 9.0 Pie App 개발 기본,27500.0,1.0,0.0,자바
groom,생활코딩 - WEB2: JavaScript,0.0,231.0,5.0,자바
groom,게임으로 배우는 JavaScript,0.0,256.0,5.0,자바
groom,웹 게임을 만들며 배우는 JavaScript(자바스크립트),0.0,1128.0,5.0,자바
groom,모던 웹을 위한 JavaScript + jQuery 입문,0.0,642.0,5.0,자바
groom,[바로실습] 생활코딩 - 자바스크립트(Javascript),0.0,649.0,5.0,자바
groom,안드로이드 앱 개발로 배우는 자바 코딩 기초,9500.0,1.0,0.0,자바
groom,안드로이드를 위한 자바 프로그래밍,0.0,86.0,0.0,자바
groom,디스코드 자바스크립트 튜토리얼,0.0,213.0,4.8,자바
groom,한 눈에 읽는 자바 기초,0.0,734.0,4.9,자바
groom,센치한 개발자의 자바 기초,0.0,220.0,5.0,자바
groom,"부담 없이 쉽고 편하게, 자바스크립트 기초 정리!",0.0,482.0,4.9,자바
groom,한 눈에 끝내는 자바 기초,59400.0,2236.0,4.9,자바
groom,[저자 직강 바로 실행] Do it! 웹 프로그래밍을 위한 자바스크립트 기본 편,0.0,223.0,5.0,자바
groom,[저자 직강 바로 실행] Do it! 자바스크립트 + 제이쿼리 입문,0.0,253.0,5.0,자바
groom,자바로 이해하는 블록체인 이론과 실습,0.0,179.0,5.0,자바
groom,안경잡이개발자가 알려주는 자바 기초 프로그래밍,0.0,262.0,5.0,자바
groom,웹 게임을 만들며 배우는 JavaScript(자바스크립트),0.0,1128.0,5.0,자바
groom,모던 자바스크립트 개발자를 위한 리액트 프로그래밍,0.0,219.0,0.0,자바
groom,[바로실습] 생활코딩 - 자바스크립트(Javascript),0.0,649.0,5.0,자바
groom,[바로실습] 생활코딩 - 자바(JAVA),0.0,2328.0,4.7,자바
groom,[번역판] CLEAN CODE JAVASCRIPT,0.0,206.0,5.0,자바
groom,[바로실습] 생활코딩 - JAVA 객체 지향 프로그래밍,0.0,168.0,5.0,자바
groom,[바로실습] 생활코딩 - JAVA method,0.0,133.0,5.0,자바
groom,[바로실습] 생활코딩 - JAVA 제어문,0.0,109.0,5.0,자바
groom,[바로실습] 생활코딩 - JAVA1,0.0,339.0,5.0,자바
groom,[바로실습] 생활코딩 - 자바(JAVA),0.0,2328.0,4.7,자바
