title,view,score,site
빅데이터 프로그래밍,16533,-1.0,kocw
프로그래밍언어,41688,-1.0,kocw
IoT 시스템 파헤쳐보기,15025,-1.0,kocw
수치해석,8665,5.0,kocw
머신러닝 설계,5487,5.0,kocw
빅데이터 개론 및 데이터 분석 기법,10321,4.0,kocw
인공지능,10983,4.2,kocw
프로그래밍언어,41689,-1.0,kocw
빅데이터 프로그래밍,16534,-1.0,kocw
데이터 통신과 컴퓨터 네트워크,1946,-1.0,kocw
빅데이터분산컴퓨팅,29170,4.5,kocw
베이지안통계학,4653,4.0,kocw
프로그래밍 기초,4122,-1.0,kocw
객체지향프로그래밍,30408,2.0,kocw
자료구조,9005,5.0,kocw
XML이론 및 실습,18363,-1.0,kocw
웹프로그래밍 응용,17874,1.0,kocw
객체지향언어2,12537,5.0,kocw
웹프로그래밍 설계 및 실습,34550,5.0,kocw
데이터마이닝,9816,-1.0,kocw
희망스토리 사회적기업,61325,-1.0,kocw
알고리즘,34218,5.0,kocw
모바일 앱 만들기,9693,2.5,kocw
프로그래밍 기초,4123,-1.0,kocw
객체지향프로그래밍,30409,2.0,kocw
웹프로그래밍 응용,17875,1.0,kocw
객체지향언어2,12538,5.0,kocw
자료구조,9006,5.0,kocw
웹프로그래밍 설계 및 실습,34551,5.0,kocw
데이터마이닝,9817,-1.0,kocw
희망스토리 사회적기업,61326,-1.0,kocw
알고리즘,34219,5.0,kocw
모바일 앱 만들기,9694,2.5,kocw
XML이론 및 실습,18364,-1.0,kocw
객체지향언어의 이해,6021,5.0,kocw
누구나 따라하는 컴퓨터 프로그래밍,20598,4.3,kocw
C프로그래밍,31898,4.0,kocw
데이터구조,11168,5.0,kocw
IoT의 이해,19929,-1.0,kocw
마이크로콘투롤러(아두이노) 실습,14426,4.0,kocw
코딩교육 입문,7512,3.5,kocw
C프로그래밍실습,15217,4.8,kocw
기초컴퓨터프로그래밍,18297,-1.0,kocw
고급응용C프로그래밍,230,-1.0,kocw
자료구조,11399,5.0,kocw
기초프로그래밍,39056,4.6,kocw
컴퓨터프로그래밍,20662,-1.0,kocw
시스템 프로그래밍 기초,34320,5.0,kocw
시스템소프트웨어,17009,5.0,kocw
프로그래밍언어론,31131,2.0,kocw
컴퓨터프로그래밍,20663,-1.0,kocw
시스템프로그래밍,6715,-1.0,kocw
프로그래밍언어론,21066,-1.0,kocw
객체지향프로그래밍,30410,2.0,kocw
프로그래밍언어,41690,-1.0,kocw
프로그래밍언어론,4192,-1.0,kocw
C프로그래밍기초,42135,3.3,kocw
윈도우프로그래밍 입문,30392,4.2,kocw
빅데이터 프로그래밍,16535,-1.0,kocw
로봇 프로그래밍,7758,-1.0,kocw
MFC 윈도우 프로그래밍,57581,5.0,kocw
응용컴퓨터프로그래밍,1783,3.0,kocw
웹프로그래밍 설계 및 실습,34552,5.0,kocw
C 프로그래밍 언어,9396,4.1,kocw
고급응용C프로그래밍,231,-1.0,kocw
매트랩을 이용한 프로그래밍 입문,22526,-1.0,kocw
기초컴퓨터프로그래밍,18298,-1.0,kocw
프로그래밍 기초,4124,-1.0,kocw
고급프로그래밍(가),6052,-1.0,kocw
스크래치로 배우는 프로그래밍 기초,8497,-1.0,kocw
누구나 따라하는 컴퓨터 프로그래밍,20599,4.3,kocw
C프로그래밍실습,15218,4.8,kocw
기초프로그래밍,39057,4.6,kocw
C 프로그래밍,31665,3.8,kocw
고급 C 프로그래밍,11459,4.0,kocw
XG5000을 이용한 PLC 프로그래밍,100940,4.5,kocw
리눅스 프로그래밍,20397,4.0,kocw
웹프로그래밍-데이터베이스 연계교육 동영상,13936,3.0,kocw
(통계프로그래밍과 분석을 위한) R 입문,109340,4.7,kocw
프로그래밍 언어,28048,-1.0,kocw
프로그래밍언어,16153,5.0,kocw
C 언어 프로그래밍,10043,4.0,kocw
안드로이드 프로그래밍Ⅰ,17352,4.0,kocw
시스템 프로그래밍 기초,34321,5.0,kocw
프로그래밍 입문,1783,-1.0,kocw
윈도우즈프로그래밍,7407,4.2,kocw
하드웨어프로그래밍,9272,-1.0,kocw
"웹 프로그래밍 입문, HTML5와 CSS5",15288,5.0,kocw
시스템프로그래밍,3101,3.0,kocw
C프로그래밍,21816,-1.0,kocw
서버웹프로그래밍,12664,-1.0,kocw
안드로이드 프로그래밍,14469,5.0,kocw
스크래치 프로그래밍,23008,0.8,kocw
리눅스활용 및 프로그래밍,26249,5.0,kocw
안드로이드 심화 프로그래밍,6891,-1.0,kocw
Kotlin을 사용한 스마트 앱 프로그래밍,10155,-1.0,kocw
C프로그래밍실습,6999,5.0,kocw
통계프로그래밍 기초,4159,-1.0,kocw
병렬프로그래밍,9857,4.0,kocw
C프로그래밍,31899,4.0,kocw
웹프로그래밍 응용,17876,1.0,kocw
리눅스 및 커널프로그래밍,22838,3.3,kocw
SW 코딩의 기초,18210,3.5,kocw
로봇제어,23472,-1.0,kocw
데이터베이스시스템,40016,3.0,kocw
XML이론 및 실습,18365,-1.0,kocw
정보소프트웨어 교육방법,4571,-1.0,kocw
컴퓨터그래픽스,22108,4.0,kocw
IoT 시스템 파헤쳐보기,15026,-1.0,kocw
창의적 문제해결,9238,5.0,kocw
빅데이터 분석,8726,4.5,kocw
형식언어,8943,-1.0,kocw
이산수학,1513,5.0,kocw
자료구조,11400,5.0,kocw
사물인터넷 컴퓨팅,17053,0.0,kocw
알고리즘,34220,5.0,kocw
알고리즘과 문제해결,15855,-1.0,kocw
계량경제학,24815,5.0,kocw
데이터구조,11169,5.0,kocw
블록코딩과 피지컬 컴퓨팅의 이해,9088,5.0,kocw
코딩 실무영어,4755,-1.0,kocw
수치해석,6967,5.0,kocw
마이크로프로세서 응용 및 설계,38572,4.3,kocw
데이터베이스시스템,44200,5.0,kocw
