title,view,like,site
SW사고기법,194,12,edwith
피지컬 컴퓨팅을 위한 아두이노,234,84,edwith
문제해결을 통한 웹프로그래밍 입문,1354,88,edwith
Data Science Fundamentals,458,4,edwith
인터넷 환경에서의 개인정보 보안 및 관리,276,34,edwith
비전공자를 위한 기초프로그래밍,1381,31,edwith
앱인벤터를 활용한 기초컴퓨터프로그래밍,1647,57,edwith
R언어를 활용한 기초컴퓨터프로그래밍,4996,153,edwith
인문사회예체능계열 전공자를 위한 컴퓨팅사고,1570,17,edwith
IT 기본 개념,3320,164,edwith
통신의 기초,3246,113,edwith
소프트웨어와 문제해결,262,0,edwith
C 프로그래밍 기초,8566,353,edwith
스크래치 활용 프로그래밍,2063,17,edwith
기초 PYTHON 프로그래밍,20514,553,edwith
데이터베이스,1035,16,edwith
오픈소스 개발의 이해와 실습,1318,6,edwith
자료구조 및 알고리즘 개론 II,1285,32,edwith
자료구조 및 알고리즘 개론 I,5839,323,edwith
이공계열 전공자를 위한 컴퓨팅사고,1293,62,edwith
파이선 프로그래밍 심화,1076,29,edwith
정보 검색,208,1,edwith
C 프로그래밍 심화,2826,75,edwith
