title,price,view,score,site
아두이노 시뮬레이터  - 팅커캐드 서킷,0.0,19,0.0,groom
한 눈에 읽는 루비 온 레일즈,0.0,535,4.3,groom
코돈의 7주 완성 기초 프로그래밍,20000.0,13,0.0,groom
이부일의 R릴레오 기초편,0.0,56,0.0,groom
[R] 머신러닝을 위한 통계학 기초,49500.0,0,0.0,groom
한큐에 끝내는 해커톤 입문_아두이노와 웹,3300.0,6,0.0,groom
코딩셰프의 Flutter 순한맛,0.0,104,5.0,groom
컴퓨터 일반론,0.0,29,5.0,groom
[저자 직강] Do it! 딥러닝 입문,0.0,106,5.0,groom
[2020 NEW] 코틀린 기반 안드로이드 앱 개발 Part1 - Kotlin UI Programming,66000.0,1,0.0,groom
모두를 위한 클라우드 컴퓨팅 입문,150000.0,4,0.0,groom
Google 공식 언어 Kotlin 프로그래밍 시작하기,44000.0,1,0.0,groom
김버그의 HTML&CSS는 재밌다,70000.0,146,5.0,groom
따라하며 배우는 데노(DENO),0.0,70,4.5,groom
텐서플로2로 배우는 딥러닝,0.0,126,5.0,groom
한 눈에 끝내는 SQL,29700.0,1329,5.0,groom
5일 만에 200만원 버는 웹과 앱 만들기,0.0,379,5.0,groom
[따라하며 배우는 노드&리액트] 챗봇 사이트 만들기,0.0,190,0.0,groom
친절한 통계학 Part 1 (feat. R),0.0,118,5.0,groom
[따라하며 배우는 노드&리액트] 영화 사이트 만들기,0.0,197,5.0,groom
파닥파닥 Flutter (빠르고 가볍게 Flutter 흔들기),0.0,262,4.8,groom
[무작정 풀스택] 플러터와 장고로 1시간 만에 퀴즈앱/서버 만들기,0.0,238,5.0,groom
쉽게 만드는 라라벨 뷰 채팅,0.0,61,0.0,groom
Azure 가상 컴퓨터 - 초급,10000.0,0,0.0,groom
[Pytorch] 쉽고 빠르게 배우는 NLP,55000.0,1,0.0,groom
"딥러닝 강좌할껀데, 실습만 합니다",0.0,231,5.0,groom
[무작정 플러터] Flutter + Firebase 넷플릭스UI 클론 코딩,0.0,242,4.8,groom
[스프링 시리즈2] 만들면서 배우는 Spring MVC 5,88000.0,1,5.0,groom
쉽게 배우는 Vue.js 2 기초,0.0,175,5.0,groom
홍드로이드의 수익창출 앱 개발,39600.0,81,4.9,groom
따라하면서 배우는 리눅스 고급,0.0,153,5.0,groom
따라하면서 배우는 리눅스 기초,0.0,223,5.0,groom
[R] KOSPI/KOSDAQ 전 종목 데이터 수집 및 관리,55000.0,0,0.0,groom
MATLAB처럼 쓰는 PYTHON,0.0,70,0.0,groom
쉽게 배우는 라라벨 기초,0.0,120,4.8,groom
[Pytorch] 쉽고 빠르게 배우는 GAN,49500.0,2,0.0,groom
SELECT ALL FROM SQL,0.0,116,5.0,groom
시선을 사로잡는 웹 - 초급,59400.0,2,5.0,groom
시선을 사로잡는 웹 - 중급,59400.0,2,0.0,groom
[AZ-900 Certificate] Azure Basic,30000.0,48,5.0,groom
DataScience와 AI의 개념,33000.0,212,4.9,groom
[시즌3 연재 중] 위클리 비타알고 중급편,0.0,1119,4.9,groom
김버그의 CSS는 재밌다 — 기초부터 실무 레벨까지,45000.0,204,4.8,groom
[따라하며 배우는 노드&리액트] 유튜브 사이트 만들기,0.0,384,5.0,groom
[Pytorch] 쉽고 빠르게 배우는 딥러닝,82500.0,3,0.0,groom
[백문이불여일타] 데이터 분석을 위한 중급 SQL,44000.0,0,0.0,groom
[따라하며 배우는 노드&리액트] Boiler-Plate 만들기,0.0,388,5.0,groom
[백문이불여일타] 데이터 분석을 위한 기초 SQL,22000.0,0,0.0,groom
R프로그래밍 기초 다지기,0.0,155,4.5,groom
나도 AWS에 서버 구축해보자🐶,0.0,309,5.0,groom
"가장 핫한 FE 라이브러리🔥, React 가지고 놀아보기",0.0,574,4.9,groom
영화 예매 사이트 만들기: 코딩편,0.0,419,5.0,groom
영화 예매 사이트 만들기: 디자인편,0.0,253,5.0,groom
빅데이터 제대로 배우기 - R 기초 문법과 데이터 전처리,50000.0,1,0.0,groom
센치한 개발자의 swift: ios app 만들기,0.0,169,5.0,groom
[웹퍼블리싱 실습] 반응형 사이트 만들기,0.0,442,5.0,groom
[웹퍼블리싱 실습] 웹 표준 사이트 만들기,0.0,736,4.9,groom
김버그의 HTML은 재밌다 — 기초부터 실무 레벨까지,45000.0,283,4.8,groom
시선을 사로잡는 웹 - 초급 + 중급,79000.0,730,5.0,groom
한 눈에 끝내는 HTML5/CSS3,59400.0,1561,4.9,groom
초보자를 위한 장고 Django 뿌시기🔥,34300.0,758,4.9,groom
Bootstrap을 활용한 반응형 웹페이지 만들기,46000.0,0,0.0,groom
[스프링 시리즈1] Spring Framework5 입문자를 위한 실습 지침서,22000.0,5,2.0,groom
"React로 가기 위한 첫 걸음, Vanilla JS 기초",36000.0,1,0.0,groom
하울의 안드로이드 인스타그램 앱 만들기,0.0,928,5.0,groom
에센스만 담은 하울의 코틀린 안드로이드,27500.0,8,0.0,groom
코틀린으로 만드는 스프링부트,0.0,128,3.0,groom
현직개발자가 알려주는 안드로이드 앱 쉽게 만드는 방법,0.0,1021,4.9,groom
위클리 비타알고 시즌2 코딩테스트 대비 입문편,98000.0,893,5.0,groom
웹 서비스 해킹을 위한 버프스위트 완벽 활용 가이드,0.0,182,5.0,groom
Shiny 그리고 시각화 R Go! 하자!,0.0,125,4.4,groom
생활코딩 - Oracle Database,0.0,150,5.0,groom
데이터 시각화와 차트분석 기법,0.0,174,0.0,groom
웹 게임을 만들며 배우는 Vue,0.0,257,5.0,groom
SwiftUI 개념 익히기,0.0,152,5.0,groom
프리다(Frida)를 이용한 안드로이드 앱 모의해킹,77000.0,1,0.0,groom
누구나 쉽게 배우는 코딩 기초와 웹/앱 프로그래밍,0.0,422,5.0,groom
[디지털 포렌식 시리즈1] 디지털 포렌식 (Digital Forensic) 전문가 과정,198000.0,4,0.0,groom
[디지털 포렌식 시리즈5] 챌린지로 알아보는 디지털포렌식(심화),99000.0,1,0.0,groom
[디지털 포렌식 시리즈4] 챌린지로 알아보는 디지털포렌식(기초),99000.0,1,0.0,groom
"내 손으로 한땀한땀 만드는 풀스택 인스타클론 강의 with Django 2.x, HTML5, CSS3, JS(ES6)",110000.0,136,4.6,groom
센치한 개발자의 안드로이드 스튜디오 기초,0.0,219,5.0,groom
IT보안을 위한 와이어샤크 패킷 분석,0.0,194,5.0,groom
[시스템 해킹 입문] 프로토스타 튜토리얼,99000.0,2,0.0,groom
2019 온라인 코딩 파티 시즌1 - 텍스트 코딩 용사가 되자!!!,0.0,1628,4.8,groom
2019 온라인 코딩 파티 시즌1 - 블록 코딩 용사가 되자!!!,0.0,2766,4.8,groom
SVG 마스터,27500.0,7,0.0,groom
보안 전문가를 위한 파워쉘,110000.0,1,0.0,groom
생활코딩 - WEB7: Login with Facebook On Passport(Facebook Login),0.0,55,0.0,groom
생활코딩 - WEB7: Login with Google On Passport (Google Login),0.0,49,0.0,groom
처음 시작하는 Vue.js 웹프로그래밍,27500.0,4,0.0,groom
생활코딩 - WEB6: Multi User on Passport (다중 사용자),0.0,45,0.0,groom
생활코딩 - WEB5: Express Passport.js,0.0,48,0.0,groom
생활코딩 - WEB4: Express Session & Auth (세션과 인증),0.0,44,0.0,groom
인공지능 R GO! 하자!,0.0,286,5.0,groom
생활코딩 - Node.js: 쿠키와 인증,0.0,76,0.0,groom
생활코딩 - WEB3: Google Login,0.0,61,5.0,groom
생활코딩 - WEB3: Facebook Login,0.0,50,5.0,groom
생활코딩 - WEB3: Ajax,0.0,80,5.0,groom
웹 게임을 만들며 배우는 React(리액트),0.0,266,5.0,groom
악성코드분석 중급과정 (유형별분석),165000.0,1,0.0,groom
악성코드분석 입문과정,143000.0,5,0.0,groom
메타스플로잇 활용 및 취약점 분석(고급과정),132000.0,1,0.0,groom
생활코딩 - 관계형 데이터 모델링,0.0,95,5.0,groom
메타스플로잇 활용 및 분석 완벽 가이드 (초중급),88000.0,1,0.0,groom
생활코딩 - SQL JOIN,0.0,120,5.0,groom
악성코드 분석을 위한 메모리 포렌식 (Memory Forensic),88000.0,1,0.0,groom
생활코딩 - Redux,0.0,60,5.0,groom
처음 만난 AWS,0.0,725,5.0,groom
리눅스 악성코드 완벽 실습 과정,77000.0,3,0.0,groom
처음 만난 React(리액트),0.0,947,5.0,groom
안드로이드 모바일 앱 취약점 진단 완벽 가이드,132000.0,0,0.0,groom
리버스쿨 Level3 - 안드로이드 모바일편,165000.0,0,0.0,groom
리버스쿨 Level3 - Reversing Windows,132000.0,2,0.0,groom
리버스쿨Level2 - 리버싱 분석 초급과정,165000.0,2,0.0,groom
Node.js 서버 프로그래밍 과정,22000.0,1,0.0,groom
리버스쿨 Level1 - 리버싱 분석 초급과정,99000.0,4,5.0,groom
Oracle Database 11g PL/SQL Developer,16500.0,6,5.0,groom
윈도우즈 애플리케이션 취약점 분석 입문부터 활용까지,132000.0,0,0.0,groom
Mobile App UI/UX/GUI Design Tutorials (모바일 앱 UX/UI/GUI 디자인 실무),22000.0,1,0.0,groom
네트워크 패킷 분석 입문 및 악성코드 샘플 분석,132000.0,0,0.0,groom
안드로이드 + 파이어베이스 SNS앱 만들기,0.0,254,4.3,groom
HTML5와 웹표준 제대로 배우기,30000.0,0,0.0,groom
실무 웹 제작 강의노트,52000.0,2,0.0,groom
비박스를 활용한 웹 모의해킹 완벽 실습,132000.0,1,0.0,groom
HTML5 Canvas 2D 제대로 배우기,20000.0,0,0.0,groom
Wix(윅스)로 간단하게 홈페이지 만들기,18000.0,0,0.0,groom
오픈 소스 도구를 활용한 웹 해킹 및 스노트 분석 - 침해대응,99000.0,2,0.0,groom
유니티3D 실전 게임 개발 프로젝트 - 디펜스게임,36300.0,1,5.0,groom
유니티3D 실전 게임 개발 프로젝트 - 클리커게임,16500.0,1,0.0,groom
처음 시작하는 HTML&HTML5 Tutorial,16500.0,0,0.0,groom
처음 시작하는 jQuery Programming,16500.0,1,0.0,groom
처음 시작하는 MySQL DataBase,16500.0,2,0.0,groom
겜팔이의 안드로이드 세뇌교실: 인★그램 개발부터 배포까지,0.0,124,0.0,groom
2019 겜팔이의 노릇노릇 파이어베이스,0.0,76,0.0,groom
초보자를 위한 jQuery UI Pattern 제대로 배우기,106000.0,1,5.0,groom
생활코딩 - WEB3: PHP & MySQL,0.0,126,5.0,groom
생활코딩 - WEB2: Node.js - MySQL,0.0,112,5.0,groom
생활코딩 - WEB2: Home Server,0.0,44,5.0,groom
생활코딩 - WEB2: DNS & HTTP,0.0,53,5.0,groom
생활코딩 - Source Tree로 Git 활용하기,0.0,62,0.0,groom
생활코딩 - CodeIgniter,0.0,43,5.0,groom
처음 시작하는 CSS&CSS3 Tutorial,0.0,132,5.0,groom
[바로실습] 생활코딩 - WEB2: PHP,0.0,167,5.0,groom
생활코딩 - WEB2: OAuth 2.0,0.0,49,0.0,groom
[바로실습] 생활코딩 - WEB2: CSS,0.0,160,5.0,groom
2019 정보올림피아드 1차 대회 문제 다시 풀기,0.0,1188,3.9,groom
생활코딩 - Atom Editor,0.0,56,5.0,groom
생활코딩 - WEB2: Node.js,0.0,141,5.0,groom
생활코딩 - WEB1: HTML & Internet,0.0,381,5.0,groom
Bootstrap 4 & 3 Framework Tutorial,22000.0,4,0.0,groom
Vue.js로 시작하는 SPA 개발,0.0,385,5.0,groom
新 정보올림피아드 1차예선 모의고사 2회,30000.0,33,0.0,groom
대회 문제 풀이로 이해하는 디스크 포렌식 분석,165000.0,0,0.0,groom
Start Google Angular.js,22000.0,0,0.0,groom
생활코딩 - 리액트 (React),0.0,253,5.0,groom
생활코딩 - 리눅스(Linux),0.0,286,5.0,groom
생활코딩 - 크롬 개발자도구,0.0,77,0.0,groom
"생활코딩 - 네트워크 개념 잡기 (도메인, 네임서버, HTTPS)",0.0,167,5.0,groom
생활코딩 - 정규표현식,0.0,67,0.0,groom
생활코딩 - 지옥에서 온 Git,0.0,183,5.0,groom
MongoDB(몽고) 기초 다지기,20000.0,2,0.0,groom
생활코딩 - 아마존 웹 서비스 (AWS),0.0,124,5.0,groom
新 정보올림피아드 1차예선 모의고사 1회,0.0,283,4.9,groom
[디지털 포렌식 시리즈3] 디지털 포렌식 전문가 2급 실기 과정 (Digital Forensic 자격증 최신 과정),110000.0,1,0.0,groom
[디지털 포렌식 시리즈2] 디지털 포렌식 분석 자격증 2급 필기 과정 (Digital Forensic 전문가 자격증 과정),99000.0,2,0.0,groom
코틀린 기반 안드로이드 앱개발 고급 3단계 (Kotlin for Android: Advanced),27500.0,2,0.0,groom
코틀린 기반 안드로이드 앱개발 심화 2단계 (Kotlin for Android: intermediate),27500.0,2,0.0,groom
[직무탐색] 정보보안 전문가되기 ver2019,0.0,220,4.4,groom
레나(Lena)를 활용한 윈도우 리버싱 완벽 이해,165000.0,0,0.0,groom
[저자 직강] Do it! Node.js 프로그래밍,0.0,284,5.0,groom
[저자 직강 바로 실행] Do it! HTML5 + CSS3 웹 표준의 정석,0.0,359,4.8,groom
[저자 직강 바로 실행] Do it! 프런트엔드 웹 디자인 입문,0.0,107,5.0,groom
[연재] 스크래치 3.0 완전정복,0.0,111,0.0,groom
스크래치 코딩으로 배우는 수학의 개념과 원리,0.0,131,0.0,groom
무작정 시작하는 안드로이드 개발,0.0,129,0.0,groom
아두이노를 이용한 기상정보 수집과 빅데이터 분석,0.0,95,0.0,groom
React와 Node.js를 활용한 고객 관리 시스템 개발,0.0,358,4.9,groom
"Flutter 입문 - 안드로이드, iOS 개발을 한 번에",33000.0,12,3.5,groom
위클리 비타알고 시즌1 코딩테스트 대비 종합편,98000.0,1056,5.0,groom
Git으로 시작하는 협업 및 오픈소스 프로젝트,0.0,191,5.0,groom
모의 해킹으로 배우는 ARP 스푸핑 해킹 기법,0.0,308,5.0,groom
안경잡이개발자가 알려주는 텐서플로우&머신러닝,0.0,312,5.0,groom
이것이 PL/SQL 이다!,13200.0,5,3.0,groom
[2018 디지털스쿨백팩] SW 아이디어 콘서트 수상작/출품작 갤러리,0.0,69,0.0,groom
코알못에서 웹서비스 런칭까지: 온라인 제주 코딩 베이스캠프,99000.0,160,4.9,groom
생활코딩 - DATABASE2: lowdb,0.0,68,0.0,groom
생활코딩 - DATABASE2: MySQL,0.0,246,4.9,groom
[2018 우수활용사례 수상작] 교과서와 함께 배우는 컴퓨팅 사고력,0.0,81,0.0,groom
생활코딩 - DATABASE1,0.0,194,5.0,groom
[2018 우수활용사례 수상작] 슬기로운 학교생활(코딩편),0.0,684,5.0,groom
[2018 우수활용사례 수상작] SW로 달리는 미래 자동차 만들기,0.0,775,4.4,groom
안경잡이개발자가 알려주는 실전 알고리즘 강좌,0.0,851,5.0,groom
[2018 우수활용사례 수상작] 코딩으로 한. 수. 배우다!,0.0,191,5.0,groom
실전 게임 개발로 배우는 언리얼 엔진 강의,0.0,254,5.0,groom
[절대강좌! 유니티 2018] Zerodeg과 함께 공부해보기,0.0,277,5.0,groom
[3D 유니티] 생존게임 만들기! - Advanced,11000.0,10,5.0,groom
2018 온라인 코딩 파티 시즌2 - 텍스트 코딩 용사가 되자!!!,0.0,848,4.8,groom
2018 온라인 코딩 파티 시즌2 - 블록 코딩 용사가 되자!!!,0.0,2972,4.7,groom
[스낵코딩] 코딩술사,0.0,73,0.0,groom
[스낵코딩] 코딩더테이블,0.0,29,0.0,groom
한 눈에 끝내는 Node.js,0.0,1963,5.0,groom
한 눈에 끝내는 고랭 기초,0.0,1508,5.0,groom
[3D Unity] 생존게임 만들기! - Basic,0.0,1188,4.9,groom
화이트해커가 되기 위한 모의해킹 완전정복,55000.0,54,4.9,groom
화이트해커가 되기 위한 8가지 웹 해킹 기술,0.0,794,5.0,groom
Git & GitHub 입문 by 코드스쿼드,0.0,888,4.9,groom
구름IDE를 이용하여 초고속으로 개인 웹 사이트 만들기,0.0,362,5.0,groom
파이콘 2018 영코더 with 바울랩,0.0,464,5.0,groom
[2017 NIA SW교안 공유 공모전] 스크래치로 생활 속 문제 해결하기,0.0,321,5.0,groom
개발자가 알려주는 코딩 인터뷰 정복하기,0.0,306,0.0,groom
"ELK 스택(ElasticSearch, Logstash, Kibana)으로 데이터 분석",0.0,351,5.0,groom
[바로실습] 생활코딩 - WEB3: 익스프레스(Express),0.0,129,5.0,groom
머신러닝/딥러닝 실전 입문,0.0,546,0.0,groom
[바로실습] 생활코딩 - 스크래치(Scratch),0.0,140,0.0,groom
[Pandas] 팬더스 데이터분석 기초 실습,0.0,524,4.6,groom
한 눈에 끝내는 루비 기초,0.0,779,5.0,groom
유니티 강좌 [쯔꾸르풍 게임 제작하기],0.0,1292,5.0,groom
모두를 위한 딥러닝 - Deep Reinforcement Learning,0.0,244,5.0,groom
MATLAB으로 시작하는 프로그래밍,0.0,109,5.0,groom
모두를 위한 딥러닝 - 기본적인 머신러닝과 딥러닝,0.0,468,5.0,groom
[ Ruby Coin ] Rails로 쉽고 빠른 웹사이트 만들기,0.0,165,4.4,groom
정보처리산업기사 기출문제,0.0,172,5.0,groom
한국정보올림피아드 기출 문제 초등학생부,0.0,374,5.0,groom
한국정보올림피아드 기출 문제 중학생부,0.0,192,0.0,groom
한국정보올림피아드 기출 문제 고등학생부,0.0,242,0.0,groom
IOS Firebase 강의,0.0,75,0.0,groom
안드로이드 Firebase 강의,0.0,176,0.0,groom
Node.js Firebase - Function,0.0,120,5.0,groom
HowlTalk - Android (Firebase),0.0,113,5.0,groom
HowlTalk - IOS(Firebase),0.0,56,0.0,groom
Node.js 서버 개발,0.0,275,5.0,groom
안드로이드 앱 개발 강의 - 기초편,0.0,514,5.0,groom
Swift3 아이폰 앱 강의-초보,0.0,123,4.3,groom
C 프로그래밍 - 입문에서 게임 개발까지,0.0,523,5.0,groom
스크래치3 프로그래밍 - 기초부터 게임 만들기까지!,0.0,723,4.6,groom
에스더선생님과 스크래치 게임만들기!,0.0,148,4.5,groom
엔트리 기초부터 활용까지 정글코딩!,0.0,265,5.0,groom
[PYCON2017 시리즈] 머신러닝을 위한 기초 수학 살펴보기,0.0,557,4.0,groom
[PYCON2017 시리즈] 처음부터 알아보는 웹 크롤러,0.0,407,5.0,groom
[연재] 실리콘밸리의 개발자,0.0,199,4.8,groom
엔트리 프로그래밍 - 기초부터 게임 만들기까지!,0.0,515,4.8,groom
실전 유형 코딩 테스트 모의고사 - 시즌3,80000.0,100,4.0,groom
실전 유형 코딩 테스트 모의고사 - 시즌2,100000.0,91,3.7,groom
실전 유형 코딩 테스트 모의고사 - 시즌4,100000.0,469,4.6,groom
야곰의 스위프트 프로그래밍,0.0,388,5.0,groom
실전 유형 코딩 테스트 모의고사 - 시즌1,100000.0,619,3.8,groom
TODO 앱을 직접 만들면서 배우는 node.js / express / bootstrap / jquery,0.0,558,4.4,groom
PYCON 2017 영코더,0.0,351,3.0,groom
제1회 구름코드챌린지(GCC) 기출 문제,0.0,500,3.0,groom
스크래치 프로그래밍 - 기초부터 게임 만들기까지!,0.0,1397,5.0,groom
예제로 배우는 스크래치(성인용),50000.0,67,0.0,groom
초등학생을 위한 이야기 스크래치 기초,50000.0,77,5.0,groom
한 눈에 끝내는 아두이노 기초,0.0,1429,4.2,groom
알고리즘 문제해결기법 입문,100000.0,906,4.6,groom
