title,view,like,site
처음 시작하는 데이터 분석_엑셀,36.0,0.0,geek
처음 시작하는 데이터 분석 SQL,3.0,0.0,geek
처음 시작하는 데이터 분석 R,5.0,0.0,geek
[HD]실무 웹 제작 강의노트,136.0,0.0,geek
[HD]Arduino(아두이노) 기초 다지기,431.0,451.0,geek
[HD]C 언어 제대로 배우기 (자료구조),183.0,0.0,geek
[HD]C 언어 제대로 배우기 (알고리즘) Part.2,61.0,0.0,geek
[HD]C 언어 제대로 배우기 (알고리즘) Part.1,222.0,0.0,geek
몸으로 즐기는 코딩 피지컬 컴퓨팅,2812.0,184.0,geek
컴퓨팅 사고력으로 미래사회 주도하기,838.0,7.0,geek
"나도 앱 개발자, 앱 인벤터로 생활어플 만들기",1982.0,113.0,geek
부모가 먼저 배우는 창의 코딩,1084.0,14.0,geek
왕초보도 할 수 있는 유니티로 VR게임 만들기,312.0,0.0,geek
[HD]COS(Coding Specialist) 자격증 따기 (YBM시행) 3급 따기,76.0,0.0,geek
[HD]COS(Coding Specialist) 자격증 따기 (YBM시행) 2급 따기,52.0,0.0,geek
[HD]COS(Coding Specialist) 자격증 따기 (YBM시행) 1급 따기,69.0,0.0,geek
[HD]Entry(엔트리) 활용 제대로 배우기,56.0,14.0,geek
[HD]Entry(엔트리) 기초 제대로 배우기,119.0,2.0,geek
Scratch(스크래치) 제대로 하기 - 중급,67.0,114.0,geek
Scratch(스크래치) 제대로 하기 - 초급,146.0,53.0,geek
왕초보도 따라하는 ‘유니티’로 게임 만들기  - 입문편,1191.0,6.0,geek
코딩의 기술 실습편,450.0,0.0,geek
