title,price,view,score,site
비전공자를 위한 개발자 취업 개론,55000,282,4.9,inflearn
"iOS Concurrency(동시성) 프로그래밍, 동기 비동기 처리 그리고  GCD/Operation - 디스패치큐와 오퍼레이션큐의 이해",55000,75,5.0,inflearn
실전! 스프링 데이터 JPA,88000,864,4.9,inflearn
실전! 스프링 부트와 JPA 활용1 - 웹 애플리케이션 개발,88000,1481,4.9,inflearn
취미로 해킹#1(OverTheWire - Bandit),33000,335,4.6,inflearn
HTML+CSS+JQUERY 반응형 웹사이트 포트폴리오(Architecture Agency),77000,23,-1.0,inflearn
유니티(Unity)로 시작하는 게임개발: Part 3. 슈팅게임 개발,77000,43,-1.0,inflearn
외국계 기업으로 이직하기,22000,9,-1.0,inflearn
HTML+CSS+JQUERY 포트폴리오 중급 실전 퍼블리싱,46200,128,5.0,inflearn
눈떠보니 코딩 테스트 전날,33000,452,4.8,inflearn
애플 웹사이트 인터랙션 클론!,77000,514,5.0,inflearn
나를 돋보이게 만드는 기초 스피치!,86900,47,5.0,inflearn
비전공자를 위한 개발자 취업 실전 가이드,33000,820,4.9,inflearn
딥러닝 컴퓨터 비전 완벽 가이드,99000,371,5.0,inflearn
최반장의 엑셀 피벗테이블 마스터 클래스,55000,13,-1.0,inflearn
스프링과 JPA 기반 웹 애플리케이션 개발,330000,360,4.6,inflearn
Vue.js 끝장내기 - 실무에 필요한 모든 것,110000,550,4.9,inflearn
스프링 시큐리티 - Spring Boot 기반으로 개발하는 Spring Security,88000,129,4.9,inflearn
[백문이불여일타] 데이터 분석을 위한 중급 SQL,38500,232,4.9,inflearn
[백문이불여일타] 데이터 분석을 위한 기초 SQL,16500,315,4.8,inflearn
일주일 완성! 3dsmax 입문 (자동차 및 캐릭터 만들기),55000,196,5.0,inflearn
예민한 UX 디자인,123200,126,4.2,inflearn
실전! 스프링 부트와 JPA 활용2 - API 개발과 성능 최적화,88000,1178,5.0,inflearn
현존 최강 크롤링 기술: Scrapy와 Selenium 정복 ,44000,465,4.9,inflearn
벡터 미적분학 시리즈3 - 적분 기초,39600,117,-1.0,inflearn
Vue로 Nodebird SNS 만들기,66000,245,4.5,inflearn
단 두 장의 문서로 데이터 분석과 시각화 뽀개기,45100,1152,4.7,inflearn
"Vue.js 중급 강좌 - 웹앱 제작으로 배워보는 Vue.js, ES6, Vuex",49500,1733,4.9,inflearn
Illustrator CC - 일러스트레이터 입문부터 실전까지 한번에 마스터하기,55000,378,4.8,inflearn
모던 안드로이드 - 코틀린과 Jetpack 활용,99000,10,-1.0,inflearn
코로나맵 개발자와 함께하는 지도서비스 만들기,33000,63,4.8,inflearn
"스프링 입문 - 코드로 배우는 스프링 부트, 웹 MVC, DB 접근 기술",0,1267,5.0,inflearn
"웹 개발자들이 반드시 알아야 될, 웹 해킹과 보안 그리고 시큐어 코딩",55000,39,-1.0,inflearn
iOS 모바일 앱 모의해킹 (입문자편),198000,35,-1.0,inflearn
"따라하며 배우는 노드, 리액트 시리즈 - 쇼핑몰 사이트 만들기",11000,319,5.0,inflearn
Flutter 공공 API를 활용한 앱 만들기 응용 (공적 마스크 재고 확인 앱),33000,129,5.0,inflearn
퍼스널 브랜딩을 위한 글쓰기 비법-나만의 콘텐츠 만드는 법,29700,13,-1.0,inflearn
데브옵스(DevOps)를 위한 쿠버네티스 마스터,330000,224,5.0,inflearn
[모바일] 딥러닝 Computer Vision 실전 프로젝트,99000,37,-1.0,inflearn
프론트엔드 개발자를 위한 웹팩,33000,608,4.8,inflearn
실전! 웹사이트 제작!  Step By Step! _Basic  (한화캐미컬_반응형웹),22000,91,5.0,inflearn
VBA 빅픽처,27500,41,5.0,inflearn
프리랜서와 유튜버를 위한 [기초 세금 가이드],22000,32,4.9,inflearn
"Django, 데이터 분석, 프론트엔드까지 내 손으로 만드는 페이스북 클론 강의",165000,198,5.0,inflearn
ᄒᆞᆫ글(한글) 제대로 배우기,22000,2046,4.8,inflearn
쉽게 따라하는 SketchUp Pro 2019 (한국어판),11000,13294,4.8,inflearn
"프론트엔드 개발환경의 이해와 실습 (webpack, babel, eslint..)",69300,514,5.0,inflearn
태블로를 활용한 고객 획득 및 유지 패턴 분석,16500,20,-1.0,inflearn
핵심 강좌! Cocos Creator 2D 게임 개발,55000,67,-1.0,inflearn
[백문이불여일타] 데이터 분석을 위한 고급 SQL,55000,116,4.9,inflearn
Azure 기초 (AZ-900),29700,695,4.6,inflearn
프로그래머의 콘텐츠 생산 가이드 :: 성장을 위한 생산,77000,90,-1.0,inflearn
그로스해킹 - 데이터와 실험을 통해 성장하는 서비스를 만드는 방법,55000,394,5.0,inflearn
실전! Querydsl,88000,706,5.0,inflearn
"깔끔한 협업, 슬기로운 슬랙생활 시작하기",22000,166,4.3,inflearn
IT인을 위한 ELK 통합로그시스템 구축과 활용,88000,196,4.4,inflearn
직접 만드는 노션 템플릿 BEST 7선,22000,317,4.9,inflearn
벡터 미적분학 시리즈4 - 적분 심화,49500,104,-1.0,inflearn
내 손으로 만드는 Django 2.x 인스타그램 클론 강의,110000,976,3.8,inflearn
에펙 초보자도 만들 수 있는 유튜브 인트로 에프터이펙트 강좌,29700,68,-1.0,inflearn
일주일 만에 소프트웨어 요구사항 제대로 이해하기,137500,108,4.8,inflearn
대세는 쿠버네티스 ^o^ [초급~중급],55000,949,4.9,inflearn
진짜 입문자를 위한 클라우드와 AWS,22000,244,5.0,inflearn
취미로 해킹#4(Nebula),33000,153,5.0,inflearn
R로 하는 웹 크롤링 - 입문편,33000,111,4.9,inflearn
[애플 공식 교재로 배우는 스위프트] 누구나 iOS 앱 만들기 입문(리뷰포함),77000,102,4.7,inflearn
벡터 미적분학 시리즈2 - 미분 심화: 최적화 이론의 기초와 벡터 함수,55000,176,-1.0,inflearn
인터랙티브 웹 개발 제대로 시작하기,55000,929,5.0,inflearn
코알못에서 웹서비스 런칭까지 : 제주 코딩 베이스캠프(Django 2.x),99000,545,4.5,inflearn
벡터 미적분학 시리즈1 - 미분 기초,44000,278,4.9,inflearn
예제로 배우는 스프링 입문 (개정판),0,11542,4.7,inflearn
"지금 당장 성과내기, 페이스북 퍼포먼스 마케팅 실습",44000,110,5.0,inflearn
스프링 웹 MVC,110000,1405,4.9,inflearn
선형대수학개론,77000,666,4.8,inflearn
스프링 기반 REST API 개발,99000,1608,4.8,inflearn
EOSJS를 이용한 EOS 심플 월렛 만들기,66000,93,5.0,inflearn
화이트해커가 되기 위한 모의해킹 완전 정복,55000,386,4.7,inflearn
3dsmax 초급부터 전문가까지 - 한방에 끝내는 3dsmax 강좌,77000,811,5.0,inflearn
윤재성의 Kotlin 기반 안드로이드 앱 개발 Part2 - 메뉴와 4대 구성요소,66000,4,-1.0,inflearn
Microsoft 지능형 공격 대응 방안 - 고급 메일 보안 ATP의 이해와 정책 설정,33000,1,-1.0,inflearn
IT 대기업에 다니고 느낀 7가지,11000,7,-1.0,inflearn
"MS 아웃룩 사용법 (데스크톱/웹/모바일 버전) - 화면 소개, 환경 설정, 유용한 기능까지!",11000,1,-1.0,inflearn
퀀트 트레이딩 개론,44000,1,-1.0,inflearn
[리뉴얼] React로 NodeBird SNS 만들기,88000,162,4.7,inflearn
"서버 없이 쓰는 서버, 구글 Cloud Functions",55000,3,-1.0,inflearn
지금부터 시작하는 내 음악 만들기,22000,8,-1.0,inflearn
유니티 프로그래머 현업자의 기본 스킬들,11000,10,-1.0,inflearn
퍼펙트 슬라이드 클리닉 with 파워포인트 특강,55000,23,-1.0,inflearn
MSSQL Server 2016 기반의 데이터베이스 입문에서 활용까지 Part.2,77000,5,-1.0,inflearn
실무로 배우는 Illustrator CC 2020,11000,5,-1.0,inflearn
플러터(flutter)로 앱만들기 고고 (입문),16500,11,-1.0,inflearn
당신을 함께 일하고 싶은 개발자로 만들어 줄 클린 코드 작성법,15400,166,4.8,inflearn
PHP 7+ 프로그래밍: 객체지향,55000,22,-1.0,inflearn
"2,000만원 이하 주택 임대료 종합소득세 신고",11000,4,-1.0,inflearn
태블로를 활용한 시간 데이터 시각화,16500,7,-1.0,inflearn
Windows PowerShell 기초 배우기,11000,5,-1.0,inflearn
"Skill-Up! 웹쉘 탐지 솔루션 우회를 위한, 웹쉘 난독화 기법",14300,43,-1.0,inflearn
진짜 현업에서 쓰이는 직장인의 실무 엑셀 - 데이터 가공부터 분석까지,84700,55,4.7,inflearn
의미전달에 효과적인 하이브리드 파워포인트 작성법(초급),49500,9,-1.0,inflearn
취미로 시작하는 중국어 회화 [입문],55000,10,5.0,inflearn
[R로 하는] 머신러닝을 위한 통계학 기초,49500,20,-1.0,inflearn
밀린신문 PPT  Vol.01,108900,4,-1.0,inflearn
글쓰기 입문부터 출간까지 - 하루만에 끝내는 글쓰기 강좌,33000,8,-1.0,inflearn
엑셀 매크로와 VBA 기초부터 실무활용까지 완전 정복,36300,37,-1.0,inflearn
여행을 좋아하는 누구나 가능! 여행비용 버는 여행작가 되는 법,36300,14,-1.0,inflearn
Spring Boot를 이용한 RESTful Web Services 개발,29700,256,4.9,inflearn
[PyTorch] 쉽고 빠르게 배우는 NLP,55000,31,-1.0,inflearn
공연사진을 보정하며 배우는 Lightroom 기초부터 마스터까지! - 라이트룸,49500,15,-1.0,inflearn
머신러닝 처음 시작하기 (기초 원리 + 초급 실습),11000,47,-1.0,inflearn
HTML+CSS+FLEX+JQUERY 퍼블리싱 핵심이론 PDF 교재 및 예제파일,17600,92,4.8,inflearn
프리미어 프로 마스터(에피소드2) - 섬세하게 그러나 빠르게!,24200,10,-1.0,inflearn
개발자는 왜 간단한 것도 안 된다고 하나요? (개발자와 커뮤니케이션하기),16500,19,-1.0,inflearn
태블로 대시보드 기초,16500,31,5.0,inflearn
실전! 웹사이트제작! Step by Step! (대방산업_InteractiveWeb),48400,40,5.0,inflearn
[통합강의10%할인][평생소장!] 퍼펙트 프레젠테이션 특강,118800,54,4.6,inflearn
[통합 강의10%할인] 퍼펙트 프리젠테이션 특강,99000,37,-1.0,inflearn
[2020년 출제기준] 웹디자인 기능사 실기시험 완벽 가이드(HTML+CSS+JQUERY),166320,39,5.0,inflearn
[퍼펙트 프리젠테이션]  발표 준비와 연습 그리고 실전발표,44000,5,-1.0,inflearn
청와대 청원 데이터 시각화,11000,95,4.4,inflearn
웹 게임을 만들며 배우는 React에 TypeScript 적용하기,38500,86,-1.0,inflearn
PHP 7+ 프로그래밍: 리부트,55000,70,4.3,inflearn
[라즈베리파이] IoT 딥러닝 Computer Vision 실전 프로젝트,99000,106,5.0,inflearn
Tip으로 배우는 엑셀(Excel),11000,26074,4.7,inflearn
쉽게 따라하는 AutoCAD 2020 3D (한국어판),11000,11456,-1.0,inflearn
쉽게 따라하는 AutoCAD 2020 2D (한국어판),11000,11168,4.9,inflearn
CSS Flex와 Grid 제대로 익히기,49500,466,5.0,inflearn
빠르게 git - 핵심만 골라 배우는 Git/Github,11000,262,4.9,inflearn
실무자가 알려주는 Git - 입문편,27500,101,5.0,inflearn
Davinci Resolve (다빈치 리졸브) V15의 입문,66000,11110,5.0,inflearn
PowerDirector 17 (파워디렉터) 배우기,11000,9550,4.6,inflearn
R로 쉽게 배우는 강화학습,55000,30,-1.0,inflearn
"프론트엔드 개발자를 위한, 웹 성능 최적화 꿀팁키트(feat. React) - Part. 1",55000,11,-1.0,inflearn
나도 AWS에 서버 구축해보자!,0,1046,4.8,inflearn
Autodesk Maya 3D 그래픽의 입문 Part.1,22000,12841,4.8,inflearn
"UI 디자이너의 연봉 올려주는 프로토타이핑 툴, 프린서플",77000,46,5.0,inflearn
R로 하는 네트워크 분석,33000,37,-1.0,inflearn
Flutter 인스타그램 클론 2.0,33000,166,4.7,inflearn
스케치앱 디자인 기초다지기[Sketch],33000,25,4.8,inflearn
스케치앱 마스터 과정[Sketch App],55000,24,4.3,inflearn
"성공적인 SQL 인젝션 공격을 위한, SQL 기본 문법",0,1143,4.9,inflearn
DataScience와 AI의 개념 (공부하는 방법),33000,1546,4.6,inflearn
일맥상통 문서작성법 (주말농장 사례),22000,22,-1.0,inflearn
R로 하는 웹 크롤링 - 실전편,44000,71,5.0,inflearn
3시간이면 충분히 중급자가 될 수 있는 프리미어 프로,13200,75,4.6,inflearn
취미로 해킹#5(DIMICTF),55000,140,5.0,inflearn
하울의 안드로이드 인스타그램 클론 만들기,0,2658,4.8,inflearn
3D리플릿 만들기 - 인터랙티브 웹 프로젝트,16500,131,4.8,inflearn
아마존 클라우드 무료계정으로 시작하는 서버리스 애플리케이션 프로젝트,44000,104,5.0,inflearn
앵귤러 파이어베이스 완전정복 - PetStore 쇼핑몰 프로젝트,55000,19,-1.0,inflearn
"MQTT 사물인터넷 통신 프로젝트 (Arduino, MQTT, Node.js, mongoDB, Android)",33000,122,3.7,inflearn
"케라스, 인공지능의 공용어 완전정복",33000,125,3.4,inflearn
지구에서 제일 쉽게 설명한 자료구조와 알고리즘,11000,87,4.0,inflearn
Klaytn 클레이튼 블록체인 어플리케이션 만들기 - 토큰,79200,56,5.0,inflearn
정보올림피아드(중등),88000,75,5.0,inflearn
워드프레스로 개발하기 Part 1 (wordpress part),33000,91,5.0,inflearn
RDBMS Modeling,16500,92,5.0,inflearn
웹 게임을 만들며 배우는 Vue,0,1816,5.0,inflearn
노션(notion) 완벽 활용법,0,7075,4.9,inflearn
프리다(Frida)를 이용한 안드로이드 앱 모의해킹,77000,133,4.8,inflearn
플랫폼 비즈니스 제대로 이해하기,29700,28,4.3,inflearn
스프링 시큐리티,88000,760,4.7,inflearn
누구나 할 수 있는 안드로이드 앱 개발 - 1 (Kotlin),16500,143,3.4,inflearn
경영 컨설팅 전문가 양성과정 2 : 컨설팅 사례 및 해설 클리닉,110000,18,-1.0,inflearn
Vue.js 시작하기 - Age of Vue.js,33000,1819,4.9,inflearn
Typescript with Vue 실전 프로젝트,16500,227,4.7,inflearn
엑셀장인의 매크로,55000,60,4.4,inflearn
웹 게임을 만들며 배우는 React,0,2433,5.0,inflearn
STM32CubeIDE를 이용한 STM32F4 자작드론 개발하기,220000,96,5.0,inflearn
"Flutter 중급 - Http통신, 상태관리",33000,445,4.6,inflearn
취미로 해킹#2(해커의 컴퓨팅),33000,321,5.0,inflearn
Vue.js 완벽 가이드 - 실습과 리팩토링으로 배우는 실전 개념,77000,1344,4.9,inflearn
[유니티 3D] 실전! 생존게임 만들기 - Advanced,11000,236,5.0,inflearn
스프링 프레임워크 핵심 기술,55000,2628,4.8,inflearn
"트렐로 개발로 배우는 Vuejs, Vuex, Vue-Router 프론트엔드 실전 기술",55000,775,4.8,inflearn
스프링 데이터 JPA,88000,1436,4.8,inflearn
스프링 부트 개념과 활용,110000,2907,4.8,inflearn
IntelliJ를 시작하시는 분들을 위한 IntelliJ 가이드,22000,1188,4.7,inflearn
"유니티 게임 개발 (2D) 실전편 - 스크립트는 물론, 디자인 패턴과 알고리즘까지",55000,427,4.5,inflearn
C 프로그래밍 - 입문부터 게임 개발까지,0,11152,4.7,inflearn
[R을 R려줘] R 시각화 기초,33000,172,4.6,inflearn
iOS AutoLayout을 활용한 실전 UI구성 전략 - 카카오톡 같은 고급 UI 만들기,16500,439,4.8,inflearn
오픈 소스 도구를 활용한 웹 해킹 및 스노트 분석(침해대응),99000,173,4.7,inflearn
메타스플로잇(Metasploit) 활용한 취약점 분석(초중급과정),88000,284,4.6,inflearn
Cinema4D_ 운동화 모델링,0,40,-1.0,inflearn
초보자를 위한 R프로그래밍 핵심 교재,17600,5,-1.0,inflearn
[평생소장] 퍼펙트 슬라이드 클리닉 with 파워포인트 특강,77000,5,-1.0,inflearn
Adobe XD로 시작하는 모바일 코딩 (CC 2020) Part.1,22000,3,-1.0,inflearn
MSSQL Server 2016 기반의 데이터베이스 입문에서 활용까지 Part.1,44000,4,-1.0,inflearn
[왕기초편] 쓱싹 쓱싹 그림을 그려요,0,198,-1.0,inflearn
고객이 반응하는 콘텐츠를 만들어내는 방법,108900,5,-1.0,inflearn
밀린신문 PPT Vol.03 - 온라인 강의콘텐츠 만들기 편,33000,1,-1.0,inflearn
AWS(Amazon Web Service) 입문자를 위한 강의,38500,19,-1.0,inflearn
돋보이는 신입사원을 위한 엑셀 트레이닝,33000,11,-1.0,inflearn
Teams 라이브 이벤트로 온라인 방송/교육/세미나하기,11000,5,-1.0,inflearn
JSP WEB MVC Model2 Programming(중급 과정),11000,54,4.0,inflearn
프로일잘러가 되기 위한 프로젝트 및 할 일 관리 - MS Planner,11000,6,-1.0,inflearn
"모의해킹 실무자가 알려주는, 파일 업로드 취약점 공격 기법과 실무 사례 분석 : PART 1",88000,49,5.0,inflearn
Node.js에 TypeScript 적용하기(feat. NodeBird),29700,44,-1.0,inflearn
 [입문편] 쓱싹 쓱싹 그림을 그려요,33000,12,-1.0,inflearn
요즘 필요한 요즘 지식,19800,5,-1.0,inflearn
밀린신문 PPT Vol.02,108900,2,-1.0,inflearn
김영삼 작가의 XD를 이용한 모바일 UX 실무  디자인,44000,16,-1.0,inflearn
[저자 직강] 음향시스템 핸드북,22000,12,-1.0,inflearn
"오디오북, 팟캐스트, 유튜브 제작법 - 골드웨이브*오다티시",55000,6,-1.0,inflearn
"모의해킹 실무자가 알려주는, 파일 다운로드 취약점 공격 기법과 실무 사례 분석",33000,69,4.7,inflearn
따라하며 배우는 RPA (UiPath 입문편),0,319,4.9,inflearn
[R] KOSPI/KOSDAQ 전 종목 데이터 수집 및 관리,55000,26,-1.0,inflearn
프리미어 프로 마스터(에피소드1) - 이것이 프리미어프로다!,22000,22,-1.0,inflearn
"모의해킹 실무자가 알려주는, SQL Injection 공격 기법과 시큐어 코딩 : PART 1",165000,78,5.0,inflearn
[서브 머니 창출] 스마트 스토어+블로그 마케팅 시작하기,60500,24,4.4,inflearn
빠른 퇴근을 위한 오피스 2019 새로운 기능,11000,2,-1.0,inflearn
3. 웹개발 코스 [스프링 프레임워크+전자정부 표준프레임워크],77000,53,3.8,inflearn
부트스트랩(BOOTSTRAP)을 활용한 반응형 웹페이지 만들기,33000,19780,4.8,inflearn
나도 만들어본다 AI 앱 (tensorflow2.0 + android),11000,31,-1.0,inflearn
[퍼펙트 프리젠테이션] 기획 슬라이드 디자인,66000,8,-1.0,inflearn
[Vue.js 입문] 초보 실전 웹앱 개발 - 1부 : vue 개념 ~ 핵심 문법,11000,32,4.3,inflearn
효과적인 모바일 UX 만들기 (디자인 + 코딩),44000,20408,4.3,inflearn
실무로 배우는 엑셀(Excel) 2019,11000,7,-1.0,inflearn
쉽게 따라하는 Vray For Revit,11000,7710,-1.0,inflearn
쉽게 따라하는 Enscape for Revit,11000,7475,-1.0,inflearn
[개념부터 실습까지] 추천 시스템 입문편,49500,50,5.0,inflearn
After Effects CC 2017와 CINEMA 4D 작업 연동의 입문,44000,12689,5.0,inflearn
Maxon Cinema4D Xpresso의 입문,44000,9680,5.0,inflearn
누구나 쉽게 실무 2D 애니메이션 만들기 Part.3 (애프터이펙트),22000,13427,-1.0,inflearn
"Adobe Premiere Pro CC 2018, 2019 영상편집의 입문 Part.2",44000,21466,5.0,inflearn
"Adobe Premiere Pro CC 2018, 2019 영상편집의 입문 Part.1",44000,22946,4.5,inflearn
일반 사용자를 위한 정보보안 기초,5500,14239,3.1,inflearn
왕초보를 위한 Adobe Photoshop CC 2019 입문자 가이드,33000,24974,4.9,inflearn
1인 온라인마케팅 성공마스터,693000,5,-1.0,inflearn
게임 디자인 패턴 with Unity,55000,114,4.0,inflearn
Illustrator+Photoshop으로 나만의 디자인 굿즈 만들기,22000,19502,4.7,inflearn
Photoshop으로 쇼핑몰 디자인하기,22000,11,-1.0,inflearn
Arnold Renderer for Maya Basic,44000,9588,5.0,inflearn
Autodesk Maya 3D 그래픽의 입문 Part.3 Rendering,44000,12240,5.0,inflearn
Autodesk Maya 3D 그래픽의 입문 Part.2 Modeling,66000,12245,4.9,inflearn
"MariaDB 클라이언트 개발, HeidiSQL",0,191,-1.0,inflearn
나도 할 수 있다! SW강사!,132000,48,5.0,inflearn
유니티3D를 사용한 VR 제작 기초.,29700,16,-1.0,inflearn
텍스트마이닝 실전 프로젝트 - 우리집 주변 맛집 랭킹 매기기,33000,29,-1.0,inflearn
"따라하며 배우는 노드, 리액트 시리즈  - 유튜브 사이트 만들기",0,2561,5.0,inflearn
웹 해킹과 모의해킹 현업에 대한 이야기,0,1044,4.8,inflearn
RPG 게임 어플 만들기 [iOS 아이폰],55000,48,-1.0,inflearn
반드시 알고 넘어가야 할 웹 기술 기초편,0,1376,4.8,inflearn
한큐에 끝내는 해커톤 입문_아두이노와 웹,3300,116,4.3,inflearn
실전! 웹사이트 제작! Step by Step! (와이스튜디오_반응형웹),48400,75,4.9,inflearn
웰컴 투 태블로 월드,0,797,5.0,inflearn
Django Mini project BEST 3,33000,211,4.3,inflearn
태블로 레벨UP,0,340,-1.0,inflearn
3dsmax 모델링 고수의 비밀! (Modeling Expert Technique),77000,177,5.0,inflearn
업무가 100배 빨라지는 엑셀 데이터 활용과 분석 노하우,33000,105,4.7,inflearn
윤재성의 스프링 프레임워크 개발자를 위한 실습을 통한 입문 과정,22000,216,4.5,inflearn
반드시 알아야 할 Tensorflow 수학,27500,21,-1.0,inflearn
Shiny 그리고 시각화 R Go! 하자!,0,645,5.0,inflearn
코딩의민족 앱 제작 (Android kotlin),11000,154,4.3,inflearn
누구나 할 수 있다! 이모티콘 만들기,0,2659,4.9,inflearn
리눅스 커맨드라인 툴,0,3109,4.8,inflearn
SVG 마스터,27500,346,4.9,inflearn
[애플 공식 교재로 배우는 스위프트] 누구나 iOS 앱 만들기 입문,55000,108,4.7,inflearn
"시장을 읽어 뽀개자, 마케팅 리서치/분석: 정성방법론부터 빅데이터까지",33000,11,-1.0,inflearn
사파 재테크 특강 I: 투자의 기본적인 구조 설계와 자산의 이해,44000,3,-1.0,inflearn
퀀트 트레이더 맛보기: 알고리즘 구현방식부터 트러블슈팅 프로세스까지,44000,17,-1.0,inflearn
웹 서비스 해킹을 위한 버프스위트 완벽 활용 가이드,0,1434,4.9,inflearn
챌린지로 알아보는 디지털포렌식 해킹 대회 준비(심화),99000,33,-1.0,inflearn
에프터이펙트를 시작해보자,11000,35,5.0,inflearn
[누구나 할 수 있는] 아이패드에서 스위프트 코딩 배우기1,0,324,-1.0,inflearn
예제로 배우는 스프링부트 입문,44000,250,4.4,inflearn
실전 작은 마케팅(1),33000,18,4.6,inflearn
챌린지로 알아보는 디지털포렌식 해킹 대회 준비 (기초),99000,56,-1.0,inflearn
iOS 개발을 위한 swift5 완벽 가이드,88000,114,4.8,inflearn
취미로 해킹#3(WebGoat),55000,229,4.6,inflearn
리눅스 IPC 프로그래밍 - 이론과 실습,55000,155,4.8,inflearn
iOS12 앱 개발 퍼펙트 가이드,77000,237,4.8,inflearn
Node.js로 웹 크롤링하기,55000,281,4.8,inflearn
카카오 김영삼 작가의 카톡 이모티콘 작가되기,44000,44,4.7,inflearn
레나(Lena)를 활용한 윈도우 리버싱 완벽 이해,165000,92,5.0,inflearn
공모전 사례로 풀어보는 앱 개발 프로젝트,19800,8,-1.0,inflearn
리눅스 시스템 프로그래밍 - 이론과 실습,33000,438,4.7,inflearn
"Flutter 입문 - 안드로이드, iOS 개발을 한 번에",33000,831,4.6,inflearn
쉽게 배워보는 파이참(PyCharm) 핵심 가이드,44000,288,4.9,inflearn
Swift로 함수형 프로그래밍 시작하기,49500,61,4.7,inflearn
엑셀 기초에서 실무까지,0,5740,4.9,inflearn
홍정모의 게임 만들기 연습 문제 패키지,55000,499,4.6,inflearn
클라우드 서비스 AWS,0,2928,4.9,inflearn
대회 문제 풀이로 이해하는 디스크 포렌식 분석,77000,37,4.7,inflearn
스프링 프레임워크 입문,0,6145,4.7,inflearn
iOS AutoLayout 완벽 가이드 - 실무 프로젝트를 위한 실전강의,27500,404,4.9,inflearn
저작권 걱정없는 나만의 음악 만들기 - Studio One,22000,24,-1.0,inflearn
쉽고 빠르게 끝내는 GO언어 프로그래밍 핵심 기초 입문 과정,44000,410,4.6,inflearn
3ds max Unwrap UVW 해부 강좌,16500,14,-1.0,inflearn
객체 지향 프로그래밍 입문,19800,572,4.9,inflearn
블록체인 기반의 스마트컨트랙트 개발,99000,260,4.2,inflearn
누구든지 하는 리액트: 초심자를 위한 react 핵심 강좌,16500,3105,4.8,inflearn
실무중심의 HTML5 시각화 프로그래밍,33000,23,-1.0,inflearn
프로들만의 차별화된 엑셀 데이터 분석과 차트 시각화,33000,168,5.0,inflearn
캐글 실습으로 배우는 데이터 사이언스,0,1913,4.6,inflearn
CSS에 날개를 달아주는 Sass (SCSS),27500,225,4.8,inflearn
야곰의 iOS 프로그래밍,55000,366,4.1,inflearn
배웠는데 못 쓰겠는 CSS 구출기,27500,24,-1.0,inflearn
직장인을 위한 프로그래밍 입문과 업무자동화 활용,33000,312,4.4,inflearn
앵귤러 기초 세미나,55000,132,5.0,inflearn
배틀로얄 게임을 만들어보며 배우는 언리얼 게임 개발,55000,623,4.4,inflearn
앱 12개를 만들며 배우는 Swift4 & iOS11 아이폰 iOS 개발 강좌,55000,771,4.7,inflearn
80여개 예제로 알아보는 쉽고 재미있는 [데이터 시각화],55000,81,-1.0,inflearn
Rails로 쉽고 빠른 웹사이트 만들기(Ruby Coin),0,1412,4.9,inflearn
네트워크 패킷 분석 입문 및 악성코드 샘플 분석,132000,292,4.6,inflearn
리버스쿨 Level2 - 리버싱 분석 초급과정,132000,226,5.0,inflearn
파이어베이스를 활용한 메신져 만들기 - Android,22000,265,4.1,inflearn
리버스쿨 Level1 - 리버싱 분석 초급과정,99000,394,4.9,inflearn
"HTML,CSS 개발을 위한 핵심 가이드",0,4868,4.8,inflearn
애자일 개발 방법론 개념과 실제 적용하기,11000,124,4.4,inflearn
OpenCV 를 활용한 명함인식 기능 구현 강좌,29700,509,4.5,inflearn
Ionic2 프레임워크를 이용한 모바일 앱 개발 강좌,33000,202,3.6,inflearn
모두를 위한 딥러닝 - Deep Reinforcement Learning,0,6985,5.0,inflearn
파이어베이스(Firebase)를 이용한 웹+안드로이드 메모 어플리케이션 만들기,0,6216,4.5,inflearn
메타스플로잇(Metasploit) 활용한 취약점 분석(중고급과정),110000,123,4.4,inflearn
IT 직장인들을 위한 책쓰기 강의,11000,69,4.6,inflearn
빅데이터의 통찰력을 키워주는 엑셀 Quick Start,0,12427,4.8,inflearn
Objective-C 강좌 - 12개 앱 만들면서 배우는 iOS 아이폰 앱 개발,55000,566,4.8,inflearn
iOS9 & Swift2 12개 앱을 만들면서 배우는 아이폰 앱 개발,55000,365,4.9,inflearn
한글 보고서 꾸미기에 유용한 꿀팁,33000,4,-1.0,inflearn
따라하면서 배우는 고박사의 유니티 기초,0,257,4.8,inflearn
실무에서 바로 쓰는 영어 이메일,33000,3,-1.0,inflearn
유니티(Unity)로 시작하는 게임개발: Part 1. 컴퓨터 구조 입문,11000,335,5.0,inflearn
Teams에 이용중인 다른 서비스들을 연결해 편하게 업무하기,11000,1,-1.0,inflearn
"채널 개설부터 기획, 편집까지! 유튜브 스타터를 위한 입문강의",59400,4,-1.0,inflearn
Linux Command-Line 명령어 기초 배우기,11000,5,4.7,inflearn
MSSQL Server 2016 기반의 데이터베이스 입문에서 활용까지 Part.3,77000,3,-1.0,inflearn
실무로 배우는 Photoshop CC 2020,11000,5,-1.0,inflearn
Illustrator CC 2020 제대로 배우기,11000,3,-1.0,inflearn
이부일의 R릴레오 시즌1 (실무편),0,97,-1.0,inflearn
슬기로운 재택근무를 위한 MS Teams 활용법,11000,1,-1.0,inflearn
2시간으로 끝내는 시장조사와 제안서 작성법,96800,3,-1.0,inflearn
"당신도 특급 PR러, 아무도 알려주지 않는 홍보와 PR",72600,5,-1.0,inflearn
"월가 퀀트 출신이 말하는 글로벌 자산배분 투자 전략, 그리고 리스크 관리",48400,1,-1.0,inflearn
[직딩꿀템] 엑셀 배열수식을 활용한 100배 빠른 함수 작업,77000,2,-1.0,inflearn
[원포인트 MBA] 연세대 최원욱 교수의 회계정보와 의사결정,121000,1,-1.0,inflearn
[원포인트 MBA] 연세대 권구혁 교수의 경영전략,121000,2,-1.0,inflearn
3시간에 끝내는 디지털 마케팅의 모든 것,11000,36,5.0,inflearn
웹디자인기능사필기기출문제풀이-디자인개론,55000,3,-1.0,inflearn
김왼손의 Vim 에디터는 처음입니다만,0,415,4.8,inflearn
마케터를 위한 SQL,33000,7,-1.0,inflearn
JSP 웹 쇼핑몰 프로그래밍 기본 과정(JSP WEB Programming),11000,75,3.3,inflearn
윤재성의 Google 공식 언어 Kotlin 프로그래밍 시작하기,44000,42,4.0,inflearn
단 2주간 키운 블로그로 월 80만원 용돈 벌기,60500,51,4.9,inflearn
블록체인 De-fi를 활용하는 이더리움 Dapp 개발,0,65,-1.0,inflearn
스피킹 강자로 만들어주는 만능 영어회화패턴 12가지,29700,4,-1.0,inflearn
플러터와 장고로 1시간만에 퀴즈 앱/서버 만들기 [무작정 풀스택],0,1159,4.9,inflearn
데이터베이스 MSSQL,77000,22,-1.0,inflearn
데이터베이스 오라클(Oracle),33000,26,-1.0,inflearn
Flutter + Firebase로 넷플릭스 UI 클론 코딩하기 [무작정 플러터],0,1256,5.0,inflearn
데이터베이스 SQL 강의,0,582,4.3,inflearn
웹 애플리케이션 개발을 위한 IntelliJ IDEA 설정,0,754,4.8,inflearn
"안녕, 일본어는 처음이지? 누구나 쉽게 배우는 기초 일본어!",38500,2,-1.0,inflearn
"따라하며 배우는 노드, 리액트 시리즈 - 기본 강의",0,2592,4.9,inflearn
SELECT ALL FROM SQL,0,523,4.7,inflearn
[PyTorch] 쉽고 빠르게 배우는 GAN,49500,34,-1.0,inflearn
Office 365의 강력한 보안 3총사-기본/문서/메일,55000,5,-1.0,inflearn
"PowerApps, 우리회사에 필요한 모바일 앱 만들기",33000,8,-1.0,inflearn
Microsoft Teams for 사용자,11000,6,-1.0,inflearn
"스마트워크를 위한 맞춤 프로그램, OneNote (전자 필기장)",11000,6,-1.0,inflearn
Office 365 시작하기 (사용자 편),11000,5,-1.0,inflearn
[평생소장!] [퍼펙트 프리젠테이션] 기획 슬라이드 디자인,77000,11,-1.0,inflearn
[평생소장!] [퍼펙트 프리젠테이션] 발표 준비와 연습 그리고 실전발표,55000,13,-1.0,inflearn
"1. 웹개발 기초 [HTML, CSS]",0,433,4.7,inflearn
MOS Word Expert 2016 자격증 따기,22000,6,-1.0,inflearn
MOS Word Core 2016 자격증 따기,11000,4,-1.0,inflearn
MOS PowerPoint 2016 자격증 따기,22000,4,-1.0,inflearn
MOS Access 2016 자격증 따기,22000,9,-1.0,inflearn
쉽게 따라하는 Vray For SketchUP,11000,9111,4.8,inflearn
무료 클라우드 기반 3D CAD - Onshape(온쉐이프) 기초,11000,10613,5.0,inflearn
쉽게 따라하는 Enscape for SketchUp,11000,9400,5.0,inflearn
쉽게 따라하는 라이노(Rhino 6) for Architecture 기본 (한국어판),11000,9346,5.0,inflearn
[PyTorch] 쉽고 빠르게 배우는 딥러닝,82500,72,-1.0,inflearn
Motion 5 기초부터 템플릿 만들기 까지!,0,255,-1.0,inflearn
신은 직장을 안 다녀!(신의 직장 퇴사 후 1년),0,623,4.6,inflearn
[2020년] 제발 도커 씁시다!,38500,241,3.9,inflearn
After Effects CC 모션 이펙트의 활용,22000,18971,4.8,inflearn
After Effects CC 2018 Expression의 입문,44000,18143,5.0,inflearn
누구나 쉽게 실무 2D 애니메이션 만들기 Part.4 (애프터이펙트 활용),33000,12994,-1.0,inflearn
누구나 쉽게 실무 2D 애니메이션 만들기 Part.2(프리미어),11000,13215,-1.0,inflearn
누구나 쉽게 실무 2D 애니메이션 만들기 Part.1 (포토샵),11000,13385,3.6,inflearn
"Adobe After Effects CC 2018, 2019 업데이트",22000,13232,-1.0,inflearn
Sigil(시길)을 이용하여 전자책 만들기,22000,10748,-1.0,inflearn
웹 게임을 만들며 배우는 TypeScript,33000,143,4.3,inflearn
Substance Painter(서브스탠스 페인터) 기초다지기,11000,8323,3.5,inflearn
Autodesk Maya 3D 그래픽의 입문 Part.4 Animation,44000,12029,5.0,inflearn
R로 무작정 해보는 data science,71500,31,-1.0,inflearn
포토샵 스킬 UP을 위한 실전 강좌!,0,3786,4.9,inflearn
"포토샵 기본기 하루 5분, 3주 만에 끝내기",0,6477,4.8,inflearn
R프로그래밍 중급,27500,36,-1.0,inflearn
스케치 뚝딱 끝내기! 입문자용 무료 강좌,0,1146,4.7,inflearn
Klaytn 클레이튼 스마트계약과 탈중앙앱 ,0,634,4.2,inflearn
텍스트마이닝 실전 프로젝트 - 뉴스 데이터 분석하기,33000,52,-1.0,inflearn
R로 하는 텍스트마이닝 (Top keyword부터 감성분석까지),44000,83,5.0,inflearn
누구나 시작할 수 있는 네트워크 Step2 (서브넷팅),22000,16,-1.0,inflearn
Redux vs MobX (둘 다 배우자!),29700,144,4.3,inflearn
블록체인 이더리움 Dapp 개발에 트러플 드리즐 활용하기,0,147,-1.0,inflearn
MATLAB처럼 쓰는 PYTHON,0,165,5.0,inflearn
안드로이드 루팅(Rooting) 탐지와 우회,11000,15,-1.0,inflearn
언리얼 엔진4 (Unreal Engine) 3D 횡스크롤 게임 만들기,33000,72,4.8,inflearn
1:1채팅 만들기(Android + Kotlin + Firebase),11000,68,4.3,inflearn
"코알못도 누구나 쉽게 따라하는 웹, 앱 만들기 (기초부터 실전 활용까지)",0,1107,5.0,inflearn
Database - SQL ,16500,129,4.6,inflearn
SwiftUI 개념 익히기,0,974,4.8,inflearn
"기업IT 기초개념강좌, 쉐어드아이티CLASS",0,750,4.8,inflearn
"퍼포먼스 올리는 검색마케팅 : SEO, 검색광고, 블로그",99000,25,4.0,inflearn
만들면서 배우는 HTML/CSS,0,1606,4.8,inflearn
"Vue, 뷰 100분 핵심강의",27500,14,-1.0,inflearn
누구나 할 수 있는 안드로이드 앱 개발 - 2 (Kotlin),16500,50,-1.0,inflearn
IT보안을 위한 와이어샤크 네트워크 패킷 분석 실전,0,1847,4.8,inflearn
블록체인 Dapp 개발에 트러플 활용하기_기본편,0,315,4.6,inflearn
변화와 흐름을 읽는 상권,44000,2,-1.0,inflearn
쉽게 접근하는 토지 투자,44000,1,-1.0,inflearn
인공지능 R GO! 하자!,0,1699,4.3,inflearn
윤재성의 Vue.js 프로젝트를 통한 실무 개발 과정,27500,55,-1.0,inflearn
"Angular, 앵귤러 100분 핵심강의",27500,38,-1.0,inflearn
"글로벌 금융투자: 글로벌 투자와 자산배분, 리스크 관리까지",44000,1,-1.0,inflearn
"공모주, 스펙, 암호화폐: 틈새를 노리는 분산투자전략",44000,1,-1.0,inflearn
재무제표로 돈 버는 회사 추려내고 거짓말하는 회사 찾아내는 방법,44000,5,-1.0,inflearn
상가주택 기초지식 다지기,44000,1,-1.0,inflearn
디지털 노마드의 모든 것,11000,5,-1.0,inflearn
성과를 높이는 이메일 마케팅 시작하기,33000,8,-1.0,inflearn
그로스 해킹과 데이터 프로덕트,33000,13,-1.0,inflearn
경영컨설팅 전문가 양성과정,99000,52,4.8,inflearn
살아남는 소셜 미디어 마케팅: 페이스북&인스타그램,33000,46,4.1,inflearn
누구나 시작할 수 있는 네트워크 Step 1 - 네트워크 모델,11000,38,2.4,inflearn
실전 작은 마케팅(2),33000,13,5.0,inflearn
TDD 개발 방법론을 활용한 React Native 앱 개발,29700,220,4.5,inflearn
생활코딩 - React,0,2828,5.0,inflearn
Angular(2+) Front에서 Back까지 - 앵귤러 기본,0,1053,4.9,inflearn
Ethereum 실전! 초보자를 위한 Lottery Dapp 개발,0,520,4.9,inflearn
윤재성의 만들면서 배우는 Spring MVC 5,88000,159,4.9,inflearn
Klaytn 클레이튼 블록체인 어플리케이션 만들기 - 이론과 실습,0,3624,4.8,inflearn
2018 Do it! 안드로이드 앱 프로그래밍,0,2011,4.6,inflearn
디지털포렌식 분석 자격증 2급 필기 대비,110000,144,4.1,inflearn
정보보안 및 개인정보보호 특강,0,1424,4.8,inflearn
나만의 포트폴리오 웹페이지 만들기,11000,211,4.2,inflearn
리버싱 이 정도는 알아야지,49500,116,4.8,inflearn
해킹 대회를 위한 시스템 해킹 프로토스타 완벽 풀이집,99000,136,5.0,inflearn
[유니티 3D] FPS 서바이벌 디펜스,0,1475,-1.0,inflearn
공도리의 HTML5와 CSS3를 이용한 홈페이지 개발,0,2113,4.6,inflearn
차트 기술분석 실전 매매 기법 Part4. '보조지표'를 활용한 필승 매매 A,33000,9,-1.0,inflearn
윤재성의 처음 시작하는 MySQL DataBase,16500,172,5.0,inflearn
"요즘 누가 유료로 웹서비스 구축 하나, Firebase의 모든것",16500,303,4.6,inflearn
차트 기술분석 실전 매매 기법 Part3. '패턴'을 활용한 필승 매매 전략,66000,7,-1.0,inflearn
윤재성의 Bootstrap 4 & 3 Framework Tutorial,22000,104,5.0,inflearn
[R을 R려줘] R시각화 중급,33000,142,-1.0,inflearn
Electron과 NodeJS 그리고 Socket.io를 이용한 채팅 어플리케이션 개발,52800,84,3.3,inflearn
PWA 시작하기 - 웹 기술로 앱을 만들자,55000,403,4.3,inflearn
내 맥북을 자동화하기: 단순반복 작업이여 안녕,55000,41,-1.0,inflearn
Autocad 버전에 관계없이 완성하기,33000,23,-1.0,inflearn
입문에서 실무까지: DevOps의 이해 및 Docker Hands-on,33000,436,4.1,inflearn
WEB2 Node.js-MySQL,0,1313,5.0,inflearn
김영삼의 모바일 앱 UX/UI 설계 및 디자인 실무,22000,97,4.3,inflearn
실전 JSP (renew ver.) - 신입 프로그래머를 위한 강좌,5500,26197,4.7,inflearn
PBR 리얼타임 캐릭터 제작,55000,77,3.3,inflearn
블록체인 이더리움 부동산 댑(Dapp) 만들기 - 기본편,77000,422,4.7,inflearn
디지털 포렌식 ( Digital Forensic  ) 전문가 과정,198000,274,4.8,inflearn
리버스쿨 Level3 - 안드로이드 모바일 리버싱,165000,81,4.0,inflearn
"퍼블리셔 취업을 위해 제대로 배워보는 html과 css, 그리고 웹표준",44000,1130,4.9,inflearn
생초보도 하는 IOS 앱 취약점 진단,138600,75,4.8,inflearn
견고한 JS 소프트웨어 만들기,27500,532,4.6,inflearn
알고리즘의 개요와 실습 환경 구축,0,1507,4.5,inflearn
Pandas 팬더스 데이터분석 기초 실습,0,3638,4.8,inflearn
R 프로그램 - 시즌2,0,997,4.9,inflearn
1인 스타트업 CEO를 위한 IT 서비스 활용 노하우,27500,7,-1.0,inflearn
직접 등록하는 iMessage Sticker,22000,8,-1.0,inflearn
DATABASE 1&2 - MySQL,0,3676,4.9,inflearn
[기초] 처음부터 설치하며 배우는 앤서블(Ansible),0,775,4.6,inflearn
아이폰 앱 개발(Swift4 & iOS11) 입문 1편,0,3846,4.9,inflearn
밑바닥 부터 시작하는 머신러닝 입문,77000,856,4.3,inflearn
[R을 R려줘] R 문법 기초,33000,282,4.6,inflearn
초보도 쉽게 할 수 있는 아이폰 어플(iOS App) 만들기,38500,61,-1.0,inflearn
그로스해킹 핵심 강좌 - Growth Hacking Fundamentals,22000,105,3.7,inflearn
R 프로그램 - 시즌 1,0,4052,4.6,inflearn
타입스크립트 코리아 : 기초 세미나,0,2858,4.7,inflearn
유니티 게임 개발 (Unity 2D) - 시작부터 배포까지,49500,1547,4.5,inflearn
모의해킹 업무의 이해,0,2077,4.7,inflearn
테스트주도개발(TDD)로 만드는 NodeJS API 서버,29700,1015,4.7,inflearn
비박스를 활용한 웹 모의해킹 완벽 실습,132000,226,4.8,inflearn
안드로이드 모바일 앱 모의해킹과 시큐어코딩,132000,185,4.7,inflearn
보안 전문가를 위한 파워쉘,110000,177,4.7,inflearn
생활코딩 - Linux,0,6084,4.9,inflearn
악성코드 분석을 위한 메모리 포렌식 (memory forensic),88000,146,4.4,inflearn
오라클 데이터베이스 11g 프로그래밍 기초 (상),11000,17387,4.4,inflearn
AngularJS 기본 개념과 To-Do 앱 만들기 실습 - 앵귤러 강좌,0,5021,4.7,inflearn
React & Express 를 이용한 웹 어플리케이션 개발하기,0,11342,4.9,inflearn
잘쓰는 기능만 쏙 뽑아 배우는 파워포인트 Quick Start,0,2965,4.8,inflearn
아이폰 ios 개발 강좌 - 앱 12개를 만들며 배우는 Swift3 & iOS10,44000,679,4.6,inflearn
쉽게 배우는 ZBrush 입문 강좌,0,2548,4.9,inflearn
[nodejs 강좌] Node.js 를 이용해 웹애플리케이션 만들기,0,8513,4.9,inflearn
스크래치로 배우는 알고리즘,0,1150,4.7,inflearn
3DS MAX 입문강좌 (입문부터 자동차 예제까지),22000,1714,5.0,inflearn
iOS10 아이폰 웹브라우저 Swift3 로 만들기 실습,0,1152,4.7,inflearn
디즈니 애니메이션 스튜디오 look dev artist 에게 배우는 Mari 2.0 사용법,55000,147,3.6,inflearn
독하게 시작하는 C 프로그래밍,0,4734,4.9,inflearn
유니티 3D 로그라이크 게임 만들기 [한글자막],0,4300,4.4,inflearn
"인터넷 기본 도메인 , 호스트, 포워딩 알아보기",0,1331,4.9,inflearn
소스트리(source tree) 를 사용하여 Git 사용하기,0,3363,4.8,inflearn
기본을 확실히!! HTML 의 모든것,0,9121,5.0,inflearn
뇌를 자극하는 윈도우즈 시스템 프로그래밍,0,2629,5.0,inflearn
Doit! HTML5 + CSS3 웹 표준의 정석 (전면 개정 1판-2019),0,3261,4.8,inflearn
생활코딩 - 정규표현식,0,1788,4.9,inflearn
생활코딩 - jQuery,0,3369,4.8,inflearn
새차원의 코틀린 코루틴(Coroutines) 강좌,0,157,4.8,inflearn
비전공자를 위한 가장 쉬운 데이터분석 입문,22000,4,-1.0,inflearn
따라하며 배우는 데노(DENO) - 기본 강의,0,265,5.0,inflearn
마개와 함께 업무자동화 도전하기 (RPA UiPath),0,147,-1.0,inflearn
윤재성의 Kotlin 기반 안드로이드 앱 개발  Part1 - UI Programming,66000,24,-1.0,inflearn
[직딩꿀템] 죽은 문서 살리는 인포그래픽 패턴,77000,1,-1.0,inflearn
[직딩꿀템] 디자이너 없이 뚝딱 만드는 디자인 콘텐츠 feat. 망고보드,77000,1,-1.0,inflearn
[직딩꿀템] 일이 풀리는 비즈니스 이메일 골든 룰,93500,1,-1.0,inflearn
[직딩꿀템] 검색해도 찾기 힘든 꼭 필요한 엑셀 함수,77000,1,-1.0,inflearn
[직딩꿀템] 일이 풀리는 비즈니스 이메일 상황별 작성법,93500,1,-1.0,inflearn
[직딩꿀템] 원하는 대로 만드는 엑셀 차트의 기술,77000,1,-1.0,inflearn
[원포인트 MBA] 서울대 이경미 교수의 마케팅 실전전략,121000,1,-1.0,inflearn
[직딩꿀템] 직장인 Office 응급키트! Excel 기능 제대로 알고 쓰기,99000,2,-1.0,inflearn
[원포인트 MBA] 고려대 김태규 교수의 HR전략과 조직관리,121000,1,-1.0,inflearn
애프터이펙트 시즌2 에피소드2 텍스트 애니메이션 마스터,33000,2,-1.0,inflearn
애프터이펙트 시즌2 에피소드1 3D를 만나다!,22000,6,-1.0,inflearn
순식간에 훑어보는 주식투자 A to Z,44000,4,-1.0,inflearn
반복되는 내 업무 자동화하기 - Power Automate(Flow),33000,7,-1.0,inflearn
"애프터이펙트 마스터 시즌1 패키지(에피소드1,2,3,4통합)",36300,6,-1.0,inflearn
네이버 카페 운영으로 월 300벌기(온라인 건물주 되어 평생 연금 받자),44000,9,-1.0,inflearn
워드프레스 속성 마스터 과정,33000,4,-1.0,inflearn
R로 배우는 통계 (파트 1),0,399,4.8,inflearn
"Microcosm SW Fair - 경쟁없는, 나만의 시빅해킹",0,98,-1.0,inflearn
Azure 가상컴퓨터 - 초급,9900,8,-1.0,inflearn
온라인 개학에 대한 모든 것,0,409,5.0,inflearn
"따라하며 배우는 노드, 리액트 시리즈 - 챗봇 사이트 만들기",0,923,5.0,inflearn
코알라의 RPA 강의 (UiPath 기본편),0,183,4.8,inflearn
[온라인으로 월세받는] 원페이지 수익화 시스템 만들기,319000,4,-1.0,inflearn
[오피스 365] Admin Center 설정 및 이해,66000,4,-1.0,inflearn
Microsoft Teams for 관리자,11000,7,-1.0,inflearn
"따라하며 배우는 노드, 리액트 시리즈 - 영화 사이트 만들기",0,1413,5.0,inflearn
Web2 - OAuth 2.0,0,538,4.9,inflearn
우디의 일러스트레이터 강좌,0,2400,4.8,inflearn
생활코딩 - React class vs. function style coding,0,742,4.9,inflearn
생활코딩 - Redux,0,470,4.9,inflearn
MOS Excel Expert 2016 자격증 따기,22000,5,-1.0,inflearn
MOS Excel Core 2016 자격증 따기,11000,7,-1.0,inflearn
쉽게 따라하는 Revit 2019 응용,11000,7829,4.2,inflearn
동기(sync) 비동기(async)의 개념에 대한 가장 직관적인 이해,0,477,4.9,inflearn
왕초보를 위한 기본 유틸리티 배우기,11000,6,-1.0,inflearn
누구나 쉽게 나만의 이모티콘(emoticon) 만들기,0,1082,4.7,inflearn
누구나 할 수 있는 웹툰(webtoon) 그리기,16500,14075,5.0,inflearn
엑셀 기초부터 고급까지,0,1835,4.9,inflearn
R프로그래밍 기초 다지기,0,1184,4.4,inflearn
에프터이펙트를 활용한 캐릭터 리깅 방법. (with Duik Bassel),0,706,-1.0,inflearn
컴퓨터 일반론,0,78,-1.0,inflearn
"편리하고 안전한 클라우드, OneDrive 활용법",11000,10,3.7,inflearn
"Ionic, 아이오닉 100분 핵심강의",0,370,5.0,inflearn
"재테크 기초의 모든 것, 개념부터 짚어드립니다!",12100,8,-1.0,inflearn
Unity 입문자를 위한 C프로그래밍 기초,55000,24,-1.0,inflearn
블록체인 Dapp 이더리움_트랜잭션,0,271,4.8,inflearn
[포토샵 혁명 방송] 포토샵 중급 완성,0,1219,5.0,inflearn
ETF로 수익율 높이는 동적자산 배분,44000,4,-1.0,inflearn
시간을 이기는 주식투자 불변의 법칙,44000,1,-1.0,inflearn
"상가투자, 망할 수 없는 입지를 찾아라",44000,2,-1.0,inflearn
"올웨더 전략, 자산 배분의 정석",44000,7,-1.0,inflearn
사파 재테크 특강 II: 실전 사례를 통한 투자 방법 배우기,44000,2,-1.0,inflearn
월급 받는 알짜상가에 투자하라,44000,2,-1.0,inflearn
실전적용!! 아마존 셀러의 모든것,99000,8,-1.0,inflearn
오픈소프트웨어 2.5D CNC 메이커캠 (Makercam) 강의,49500,5,-1.0,inflearn
언리얼4 블루프린트로 안드로이드 게임 만들기,66000,68,4.8,inflearn
Vue.js - Django 연동 웹 프로그래밍,33000,278,4.5,inflearn
티스토리 스킨: 티도리 프레임워크,0,300,5.0,inflearn
프로세스 마이닝을 활용한 고객여정분석,0,793,4.6,inflearn
무작정 시작하는 안드로이드 개발,0,1382,4.4,inflearn
스크래치 코딩으로 배우는 수학의 개념과 원리,0,586,-1.0,inflearn
차트 기술분석 실전 매매 기법 Part4. '보조지표'를 활용한 필승 매매 B,33000,5,-1.0,inflearn
트러플로 dApp 개발 : 실리콘밸리 개발자와 함께,29700,19,-1.0,inflearn
이더리움 & 솔리디티 기반의 투표 dApp 구현하기,0,915,4.8,inflearn
이더리움 입문 바이블: 모든 이더리움 입문자를 위하여,0,1131,4.7,inflearn
맥으로 배우는 윈도우즈 포렌식,110000,18,-1.0,inflearn
윤재성의 Oracle SQL Database 11g PL/SQL Developer,16500,183,4.9,inflearn
처음 시작하는 CSS & CSS3 Tutorials,11000,821,4.5,inflearn
차트 기술분석 실전 매매 기법 Part2. '캔들'을 활용한 필승 매매,33000,10,-1.0,inflearn
Unity 3D VR 장르별 실전 게임 프로젝트- 클리커게임,16500,55,-1.0,inflearn
Unity 3D VR 장르별 실전 게임 프로젝트 - 디펜스게임,36300,44,-1.0,inflearn
윤재성의 Node.js 서버 프로그래밍 과정,22000,70,4.6,inflearn
윤재성의 처음시작하는 HTML & HTML5 Tutorials,16500,19,-1.0,inflearn
차트 기술분석 실전 매매 기법 Part1. 추세 활용 실전 매매 기법,33000,21,-1.0,inflearn
악성코드 분석 중급과정 (유형별분석),132000,99,3.7,inflearn
2D 캐드(CAD) 마스터하기 (오픈소프트웨어),33000,16,-1.0,inflearn
블렌더(Blender)를 활용한 3D 캐릭터 애니메이션 만들기,44000,35,-1.0,inflearn
안드로이드 취약점 진단,99000,32,-1.0,inflearn
모두를 위한 프로세스 마이닝,0,1407,4.7,inflearn
아이폰 앱 개발(Swift4 & iOS11) 입문 2편,0,1909,5.0,inflearn
ECMAScript 6: 빠르게 배우는 ES6 스킬과 비동기 프로그래밍,9900,88,4.8,inflearn
로지심으로 만들어보는 CPU,33000,13,-1.0,inflearn
해외취업 ASP.NET Core 웹개발 기본 강좌,33000,759,4.6,inflearn
web2 - Home server,0,878,4.9,inflearn
Firebase 서버를 통한 Android앱 개발 지침서,0,1453,4.4,inflearn
"모의해킹 업무 이해, 두번째 이야기",0,913,4.4,inflearn
지옥에서 온 Git,0,3296,5.0,inflearn
화이트해커가 되기 위한 8가지 웹 해킹 기술,0,1287,4.9,inflearn
[디퍼런테이션] PPT 제작의 필수 강의,11000,156,4.8,inflearn
Spring framework 개발 환경 구축하기와 Dao 리팩토링하기,22000,123,4.4,inflearn
겜팔이의 안드로이드 세뇌교실 - 인★그램 개발부터 배포까지,0,3089,4.2,inflearn
GPU 프로그래밍 언어 CUDA(쿠다) 기초,33000,48,3.7,inflearn
엔트리 기초부터 활용까지 정글코딩!,0,208,-1.0,inflearn
[응용] 다양한 환경을 앤서블(Ansible)로 관리하기 with 베이그런트(Vagrant),33000,78,4.0,inflearn
Ionic PWA (프로그래시브 웹 앱) 만들기,22000,83,5.0,inflearn
Ionic3+Firebase를 이용한 Email/Password 사용자 인증,0,862,4.9,inflearn
My Location - ionic3 와 Google Map Api 를 활용한 내 위치 정보 찾기,0,545,5.0,inflearn
[R을 R려줘] R 중급,33000,157,3.3,inflearn
2017 Do it! 안드로이드 앱 프로그래밍 [개정 4판 누가 버전],0,3877,5.0,inflearn
언리얼 엔진 4 : Intro to Blueprints,0,1752,4.9,inflearn
워드프레스 기초부터 오픈마켓 구축하기,0,1224,3.8,inflearn
타입스크립트 코리아 : Electron with TypeScript Hands-On Labs 세미나,33000,34,-1.0,inflearn
인슈의 게임 캐릭터 포토샵 디자인&원화 입문자편,33000,68,4.0,inflearn
퓨즈 스터디를 원하다[Wonhada],0,330,4.7,inflearn
새차원의 코틀린(Kotlin) 강좌,0,5683,4.4,inflearn
Angular 기본과 간단한 To-Do 어플리케이션 만들기,0,2789,4.8,inflearn
OpenCV 강좌 - 컴퓨터 비전,0,4780,4.8,inflearn
야곰의 스위프트 기본 문법 강좌,0,2737,4.8,inflearn
누구나 따라하면서 배우는 JSP 커뮤니티 게시판 만들기,0,4170,4.2,inflearn
정보보안 전문가란? 무엇을 하고 어떻게 준비해야 할까.,0,4700,4.8,inflearn
이것이 우분투 리눅스다,0,3515,4.6,inflearn
부트스트랩으로 개인 홈페이지 만들기,0,5252,4.6,inflearn
안드로이드 스튜디오로 안드로이드 앱 만들기,0,12037,4.2,inflearn
아이오닉(ionic2) 개발을 위한 타입스크립트 기본,0,1533,4.6,inflearn
"ELK 스택 (ElasticSearch, Logstash, Kibana) 으로 데이터 분석",0,7757,4.8,inflearn
오라클 데이터베이스 11g 프로그래밍 기초 (하),16500,16263,4.8,inflearn
모의해킹이란 무엇인가 - 진로편,11000,97,4.7,inflearn
"퍼블리셔, 신입 프론트 개발자를 위한 실무에서 써먹는 실전 jQuery 설명서",16500,416,4.3,inflearn
게임학개론,0,1203,4.8,inflearn
성공적인 코딩 인터뷰를 위한 코딩 인터뷰 정복하기 - 코딩 테스트,0,5265,4.7,inflearn
C로 배우는 자료구조 및 여러가지 예제 실습,0,5613,5.0,inflearn
영리한 프로그래밍을 위한 알고리즘 강좌,0,21262,4.7,inflearn
널널한 박교수의 C 강좌 고급편,0,1127,-1.0,inflearn
Node.js 로 Database 다루기 소개와 웹애플리케이션 만들기,0,3577,4.9,inflearn
Git 과 Redmine 으로 하는 프로젝트 관리,0,2290,4.6,inflearn
모두를 위한 딥러닝 - 기본적인 머신러닝과 딥러닝 강좌,0,19316,4.9,inflearn
"라이노 3D 모델링 실전 예제 - 향수병, Zero three 스피커 모델링",0,492,-1.0,inflearn
Maya 하드서페이스 모델링 강좌,55000,30,-1.0,inflearn
AWS (아마존 웹서비스) 가입부터 활용까지,0,4027,4.8,inflearn
id software 3D 아티스트 에게 배우는 Maya  3D 모델링 입문,55000,199,5.0,inflearn
왕초보를 위한 스위프트 프로그래밍 강좌 (iOS app with xcode&swift),0,4831,4.7,inflearn
워드프레스 쇼핑몰(우커머스) 제작 따라하기,0,830,3.7,inflearn
Do it! 안드로이드 앱 프로그래밍 저자 정재곤 박사 직강 동영상 강좌!,0,3082,4.0,inflearn
구글 애널리틱스 (google analytics) 분석하기 - RENEW,0,2695,4.4,inflearn
유니티 기초 강좌 - 기획부터 사용까지,0,7707,4.6,inflearn
ATOM Editor 소개 및 사용법,0,3778,4.8,inflearn
"Zbrush 이용한 공룡, 공룡책 제작과정 으로 배우는 3D 모델링 배우기",44000,37,-1.0,inflearn
혼자 공부하는 C 언어 저자에게 배우는 C 언어의 모든 것,0,4470,4.9,inflearn
아두이노 강좌,0,2499,4.9,inflearn
Node.js (노드제이에스) 강좌,0,5654,4.7,inflearn
'이것이 리눅스다' 저자의 Red Hat CentOS7 리눅스 서버&네트워크 강좌,0,6528,4.9,inflearn
노리섬의 프리미어 강좌 (adobe Premiere),0,2644,4.2,inflearn
정동근의 88개 예제로 배우는 실전 안드로이드 앱 제작 1/2,110000,9,-1.0,inflearn
아이폰 앱 제작기 – 원트소프트 꼬마마녀 샐리,0,361,-1.0,inflearn
생활코딩 - mysql 강좌,0,4572,4.9,inflearn
Finish Korean pronunciation at once,74800,1,-1.0,inflearn
"[오피스365 기본 교육] 달라지는 업무환경과 포탈 설정, 주요 업무 툴",11000,1,-1.0,inflearn
아두이노 시작하기,0,159,5.0,inflearn
이부일의 R릴레오 시즌2 (기초편),0,104,-1.0,inflearn
핸즈온 머신러닝 2,0,350,-1.0,inflearn
[직딩꿀템] 나도 금손! 지나가던 팀장도 돌아보는 PPT 디자인,77000,1,-1.0,inflearn
[직딩꿀템] 직장인 Office 응급키트! PowerPoint 기능 제대로 알고 쓰기,77000,1,-1.0,inflearn
[누구나 할 수 있는] 아이패드에서 스위프트 코딩 배우기2,0,103,-1.0,inflearn
"4차 산업혁명 시대의 新창의적 사고, 수학적으로 사고하라!",99000,2,-1.0,inflearn
"[직딩꿀템] 직장인 글쓰기 트레이닝, 일하는 문장들",93500,2,-1.0,inflearn
[직딩꿀템] 따라하면 만렙찍는 이지쌤의 PPT 만능 스킬,99000,1,-1.0,inflearn
[직딩꿀템] 직장인 Office 응급키트! Word 기능 제대로 알고 쓰기,77000,1,-1.0,inflearn
"4차 산업혁명 시대의 경제심리, 행동경제학에 주목하라!",99000,2,-1.0,inflearn
[원포인트 MBA] 연세대 신현한 교수의 재무관리 에센스,121000,1,-1.0,inflearn
정보보안 패스파인더,0,181,4.3,inflearn
크롬 확장 프로그램으로 업무 생산성 높이기,0,291,4.7,inflearn
애프터이펙트 마스터 시즌1 에피소드1 무료공개,0,202,5.0,inflearn
디지털 포렌식 기초,0,409,5.0,inflearn
IBM Cloud를 이용한 무료 마인크래프트 서버 만들기,0,197,4.7,inflearn
데이터 자동화(with VBA),0,1187,5.0,inflearn
우디의 포토샵 강좌,0,1492,5.0,inflearn
Illustrator로 출력물 만들기,0,657,4.3,inflearn
"온라인 강의를 위한  캠타시아 활용법, MS 팀즈 활용법 등",0,243,-1.0,inflearn
병.의원 경영컨설팅 실무 활용과정,33000,22,-1.0,inflearn
게임 개발을 위해 알아야 할 Azure CDN,0,439,-1.0,inflearn
구글 알고리즘 문제 풀이,5500,39,-1.0,inflearn
웹퍼블리셔가 알려주는 실무 웹사이트 따라만들기 Season1,0,2175,4.6,inflearn
데이터 시각화와 차트분석 기법,0,1865,4.2,inflearn
판테온과 도커로 블록체인 이더리움 구축하기,0,346,4.3,inflearn
장기 투자와 단기 트레이딩 전략,44000,10,-1.0,inflearn
WEB5 - Express Passport.js,0,264,5.0,inflearn
Web4 - Express-Session-Auth,0,263,-1.0,inflearn
투자자본 확보의 A to Z,33000,3,-1.0,inflearn
"마법의 돈 굴리기: 주식, 채권, 환을 활용한 리밸런싱",44000,1,-1.0,inflearn
"글로벌 금융투자: 투자, 어떻게 해야 하나",44000,2,-1.0,inflearn
"데이터와 시뮬레이션, 통계로 돈버는 실전 투자 방법",44000,6,-1.0,inflearn
"저평가 우량주, 고평가 잡주 고르는 방법",44000,5,-1.0,inflearn
Do it! 프론트엔드 웹 디자인 입문,0,1120,4.6,inflearn
스크래치 3.0 - 입문부터 실전 게임 개발까지,0,749,-1.0,inflearn
된다! 일러스트레이터 CC,0,1516,4.6,inflearn
리액트로 구현하는 블록체인 이더리움 ERC721,22000,100,3.7,inflearn
탈중앙화 eBay 개발!: 실리콘밸리 개발자와 함께,110000,18,-1.0,inflearn
버전 관리 시스템 Git,0,2671,4.8,inflearn
리액트로 구현하는 블록체인 이더리움 Dapp,44000,90,4.3,inflearn
"HAL, CubeMX, TrueSTUDIO를 이용한 STM32F4 무료 강좌",0,853,5.0,inflearn
유니티 강좌 [쯔꾸르풍 게임 제작하기],0,2120,4.7,inflearn
윤재성의 Start Google Angular.js 앵귤러 과정,22000,39,-1.0,inflearn
강화학습 기초 이론,0,1197,5.0,inflearn
Node.js 교과서 - 기본부터 프로젝트 실습까지,55000,905,4.3,inflearn
git과 github,0,4763,4.6,inflearn
Node.js - Express,0,1132,-1.0,inflearn
처음 시작하는 jQuery Programming,16500,36,-1.0,inflearn
안드로이드 공식 언어 : 코틀린(Kotlin) 시작하기,22000,52,-1.0,inflearn
MATLAB으로 시작하는 프로그래밍,0,1438,4.5,inflearn
디지털 포렌식 전문가 2급 실기 과정,99000,172,4.7,inflearn
OpenCV + WebApp (얼굴 눈 검출 웹앱만들기),16500,105,4.1,inflearn
WEB2 - Node.js,0,2089,4.9,inflearn
블록체인과 솔리디티,0,2676,4.4,inflearn
WEB2 - Domain Name System,0,451,5.0,inflearn
Firebase 서버를 통한 IOS앱 개발 지침서,0,674,-1.0,inflearn
Firebase 서버를 통한 IOS앱 HowlTalk 만들기,0,825,-1.0,inflearn
게임 보안 입문을 위한 치트엔진 튜토리얼,0,1000,5.0,inflearn
어도비 XD로 프로토타입 제작하기,22000,42,3.7,inflearn
"코코아코딩, 스크래치 게임만들기!",0,294,-1.0,inflearn
WEB3 - PHP & MySQL,0,1052,5.0,inflearn
[심화] 앤서블(Ansible)을 깊이 있게 활용하기,44000,59,5.0,inflearn
구글 애드워즈 - 캠페인 유형별로 모아서보기,0,767,-1.0,inflearn
WEB2 - PHP,0,1102,4.9,inflearn
아이오닉으로 오프라인 퍼스트 웹 (offline first web) 만들기,22000,16,-1.0,inflearn
만들면서 배우는 인공지능(강화학습 편),55000,50,4.4,inflearn
실무에 바로 적용하는 아이오닉 3 Tutorial,11000,107,-1.0,inflearn
ionic 3로 만드는 Push Message Server,22000,70,5.0,inflearn
WEB2 - CSS,0,1880,4.9,inflearn
윈도우 악성코드(malware) 분석 입문 과정,143000,205,4.2,inflearn
"컴퓨터, 웹, 코딩, 프로그래밍의 시작 - Web1",0,5273,4.9,inflearn
리버스쿨 Level 3 - 리버싱 윈도우(Reversing Windows),132000,133,4.7,inflearn
아빠가 들려주는 [R shiny app] 만들기,0,821,4.7,inflearn
인슈의 캐주얼 게임 캐릭터 원화,11000,78,-1.0,inflearn
'해킹대회 문제'로 배우는 파일시스템 이해/실습,66000,29,3.3,inflearn
타입스크립트 코리아 : React with TypeScript 세미나,0,1856,4.5,inflearn
XE3 사이트제작 튜토리얼,0,233,3.7,inflearn
Sencha ExtJS 6 로 웹 어플리케이션 만들기- 실전/응용편,0,399,5.0,inflearn
Sencha ExtJS 6 로 화면개발 더이상 고민하지 말자 - 기초편,0,983,4.7,inflearn
윈도우즈 애플리케이션 취약점 분석 입문부터 활용까지,132000,347,4.4,inflearn
CSS 기본부터 활용까지,0,5527,5.0,inflearn
Adobe illustrator CC 배우기,22000,1057,-1.0,inflearn
Stanford iOS 한글자막 강의,0,4272,4.8,inflearn
쉽게 만드는 웹페이지 - IUEditor 사용법,0,806,3.4,inflearn
Node.Js 활용하기,0,3104,5.0,inflearn
Objective-C 를 이용해 iOS9 아이폰 웹브라우저 만들기,0,705,4.7,inflearn
Django 초보 가이드 - 실습을 통해 알아보는 장고 입문,0,6573,4.5,inflearn
누구나 쉽게 따라하며 배우는 - 에프터이펙트 입문 강좌,38500,151,4.2,inflearn
Zbrush 4R6 입문에서 마스터 까지 Zbrush 4R6 의 모든것,55000,230,4.0,inflearn
창원대학교 박동규 교수의 Swift 언어 기초 강좌,0,1495,4.9,inflearn
토튜의 따라하면서 게임을 만드는 유니티 NGUI 강좌,0,1026,-1.0,inflearn
어셈블리어 배우기,0,1878,4.0,inflearn
[포토샵 혁명 방송] 포토샵 기초 완성,0,6646,4.6,inflearn
게임 만들면서 배우는 재미있는 스크래치 프로그래밍,0,1368,4.9,inflearn
워드프레스 홈페이지 1시간만에 만들기,0,975,3.2,inflearn
[포토샵 혁명 방송] 포토샵 고급 완성 - 펜툴 마스터 하기,0,2156,4.7,inflearn
테레비 보다 재미있는 제이쿼리(jQuery) 강좌,0,3819,4.3,inflearn
"스타트업,초기 기업들을 위한 실용적 세무 이야기",0,893,4.2,inflearn
실전 HTML & CSS 강좌,0,6448,5.0,inflearn
생활코딩 - PHP 기본 A 부터 Z 까지,0,3114,4.9,inflearn
안드로이드 기초부터 창업까지 - 실무 강좌,0,3946,4.9,inflearn
TED – 자기계발,0,805,4.2,inflearn
생활코딩 - HTML 기초,0,4861,4.8,inflearn
따라하면서 배우는 웹애플리케이션 만들기,0,3191,5.0,inflearn
블록체인 Dapp 이더리움_오픈제펠린 SDK,0,195,4.7,inflearn
돈 안 들고 대기업 이기는 작은 마케팅,33000,22,4.8,inflearn
겜팔이의 노릇노릇 파이어베이스,0,417,-1.0,inflearn
코틀린으로 만드는 스프링부트,0,699,3.4,inflearn
JoyWins 큰돌샘의 아두이노 기초 강좌,0,325,-1.0,inflearn
Do it! Node.js 프로그래밍(개정판),0,1412,5.0,inflearn
아두이노를 이용한 기상정보 수집과 빅데이터 분석,0,621,4.5,inflearn
언리얼4 이펙터 추천! 블루프린트 이펙트 입문,0,745,-1.0,inflearn
국내파들의 글로벌 커리어 개발,0,923,5.0,inflearn
MAXST AR SDK와 유니티를 사용한 증강현실 앱 개발,0,799,4.4,inflearn
앤서블(Ansible)버전 2.5의 새로운 점,0,285,4.2,inflearn
JSP 강의평가 웹 사이트 개발하기,0,1117,3.8,inflearn
Firebase 서버를 통한 Android앱 HowlTalk 만들기,0,853,-1.0,inflearn
엑셀을 활용한 VBA 업무 자동화,27500,66,3.9,inflearn
회사에서 바로 통하는 엑셀 2016,0,1584,4.4,inflearn
나의 첫 Django 앱 만들기,0,3977,4.2,inflearn
초보자를 위한 AWS 클라우드 시작하기,0,3006,4.6,inflearn
PHP 기초강좌 - 쩡원의 게시판 홈페이지 제작 무작정 따라하기,0,1798,4.4,inflearn
마모셋 툴백 (marmoset toolbag) 렌더 무료강좌,0,536,-1.0,inflearn
명강의로 완성하는 C 프로그래밍,0,1930,4.8,inflearn
여러가지 개발자 도구 사용법,0,986,4.5,inflearn
제이쿼리모바일 (Jquery Mobile) 배우기 강좌 - 웹학교,0,813,4.3,inflearn
"섹쉬 PHP 강좌 - PHP 기본부터 MYSQL, XML, 네이버쇼핑검색 을 이용한 활용까지",0,1597,-1.0,inflearn
Do it! 반응형 웹 디자인 - 저자 동영상 강좌,0,1845,4.1,inflearn
타이젠 강좌,0,398,-1.0,inflearn
네이버 모바일 마케팅 전략 중 최근 노출 트렌드 분석,0,428,4.0,inflearn
"온라인마케팅 기초 강의 강좌, 온라인 광고 용어",0,796,4.0,inflearn
'내 생애 첫번째 코딩 앱인벤터' 저자에게 배우는 App Inventor,0,142,-1.0,inflearn
네이버 모바일 통합검색 마케팅 전략,0,329,3.3,inflearn
