title,price,view,site
모의면접으로 강해져라! 기술면접 대비반 (feat.FE개발자),120000.0,2,programmers
프론트엔드 개발자를 위한 웹 성능 최적화 꿀팁 키트 (feat.React),49500.0,3,programmers
함수형 프로그래밍과 ES6+,57000.0,142,programmers
시작하는 주니어 개발자를 위한 참고자료 Kit,15000.0,214,programmers
어서와! Swift는 처음이지? - Swift5 & Xcode10 버전,60000.0,91,programmers
Swift로 함수형 프로그래밍 시작하기,30000.0,121,programmers
논문과 함께 편히 배우는 DQN(Deep Q Network),50000.0,30,programmers
Vue.js로 데일리리포트 앱 만들기,20000.0,101,programmers
어서와! 자료구조와 알고리즘은 처음이지?,40000.0,977,programmers
ERC20 토큰발행과 크라우드펀딩 웹사이트 구현,20000.0,33,programmers
어서와! Swift는 처음이지? - Swift4 & Xcode9 버전,60000.0,39,programmers
탈중앙화 eBay 개발!: 실리콘밸리 개발자와 함께,110000.0,10,programmers
트러플로 dApp 개발!: 실리콘밸리 개발자와 함께,30000.0,17,programmers
이더리움과 솔리디티로 투표 dApp 구현하기,0.0,756,programmers
이더리움 입문 바이블: 모든 이더리움 입문자를 위하여,0.0,909,programmers
이더리움 솔리디티 실습 튜토리얼,10000.0,997,programmers
React Native로 날씨앱 만들기,0.0,880,programmers
React Native로 To Do 앱 만들기,0.0,845,programmers
Parcel 30분 마스터하기,0.0,295,programmers
"React, Redux로 타이머 앱 만들기",0.0,338,programmers
ReactJS로 웹 서비스 만들기,0.0,1208,programmers
COS Pro 2급 C 모의고사,0.0,2490,programmers
실습으로 배우는 데이터 사이언스,0.0,4532,programmers
알고리즘 문제 해설,0.0,8488,programmers
장고를 활용한 웹사이트 만들기,0.0,4792,programmers
한 걸음 더 CSS: 코딩가나다,0.0,761,programmers
iOS Swift입문,0.0,5727,programmers
정규표현식,0.0,4932,programmers
[특강] 크롬을 활용한 프론트엔드 디버깅,0.0,2202,programmers
30분 Go,0.0,1722,programmers
30분 Scala,0.0,1583,programmers
