title,view,like,site
WEB1 - HTML & Internet,5550,2600.0,sangco
WEB2 - CSS,1534,142.0,sangco
Ajax,359,25.0,sangco
Facebook Login,60,9.0,sangco
Google Login,58,4.0,sangco
WEB2 - Node.js,737,63.0,sangco
Node.js - MySQL,133,17.0,sangco
Node.js - Express,127,104.0,sangco
Node.js - 쿠키와 인증,98,2.0,sangco
세션과 인증,78,3.0,sangco
Passport.js,58,1.0,sangco
다중 사용자,46,47.0,sangco
Google Login,22,52.0,sangco
Facebook Login,20,63.0,sangco
WEB2 - PHP,370,700.0,sangco
WEB3 - PHP & MySQL,164,217.0,sangco
WEB2 - Home server,208,663.0,sangco
WEB2 - Domain Name System,149,262.0,sangco
WEB2 - HTTP,160,139.0,sangco
WEB2 - OAuth 2.0,143,52.0,sangco
웹 애플리케이션 만들기,8231,2700.0,sangco
PHP,1312,3.0,sangco
