site,title,view,like,subject
geek,[HD]Python(파이썬) 웹프로그래밍 - Flask(플라스크) 제대로 배우기 Part.4 (활용2),52.0,1.0,파이썬
geek,[HD]Python(파이썬) 웹프로그래밍 - Flask(플라스크) 제대로 배우기 Part.3 (활용1),32.0,1.0,파이썬
geek,[HD]Python(파이썬) 웹프로그래밍 - Flask(플라스크) 제대로 배우기 Part.2 (기초2),31.0,0.0,파이썬
geek,[HD]Python(파이썬) 웹프로그래밍 - Flask(플라스크) 제대로 배우기 Part.1 (기초1),170.0,8.0,파이썬
geek,[HD]Python(파이썬) 웹프로그래밍 - Flask(플라스크) 제대로 배우기 Part.4 (활용2),52.0,1.0,파이썬
geek,[HD]Python(파이썬) 웹프로그래밍 - Flask(플라스크) 제대로 배우기 Part.3 (활용1),32.0,1.0,파이썬
geek,[HD]Python(파이썬) 웹프로그래밍 - Flask(플라스크) 제대로 배우기 Part.2 (기초2),31.0,0.0,파이썬
geek,[HD]Python(파이썬) 웹프로그래밍 - Flask(플라스크) 제대로 배우기 Part.1 (기초1),170.0,8.0,파이썬
geek,"누구나 코딩, 파이썬 시작하기(기초편)",5622.0,84.0,파이썬
geek,"누구나 코딩, 파이썬 시작하기(실전편)",1966.0,110.0,파이썬
