site,title,view,score,subject
kocw,Python기반 코딩교육,26477.0,4.5,파이썬
kocw,Python기반 코딩교육,26478.0,4.5,파이썬
kocw,파이썬 배우기,25566.0,5.0,파이썬
kocw,라즈베리 파이 환경에서의 파이썬 기반 영상분석,25770.0,1.2,파이썬
kocw,파이썬 데이터 분석,441.0,-1.0,파이썬
kocw,파이썬 프로그래밍,15718.0,4.0,파이썬
kocw,예제 중심의 파이썬 프로그래밍 (기초편),17582.0,4.0,파이썬
kocw,파이썬 기초 문법과 활용,18024.0,5.0,파이썬
kocw,예제 중심의 파이썬 프로그래밍 (기초편),17583.0,4.0,파이썬
kocw,파이썬 프로그래밍,15719.0,4.0,파이썬
kocw,파이썬 배우기,25567.0,5.0,파이썬
kocw,파이썬 기초 문법과 활용,18025.0,5.0,파이썬
kocw,파이썬 프로그래밍,15720.0,4.0,파이썬
kocw,예제 중심의 파이썬 프로그래밍 (기초편),17584.0,4.0,파이썬
kocw,프로그래밍: Java를 활용한,7924.0,5.0,자바
kocw,프로그래밍: Java를 활용한,7925.0,5.0,자바
kocw,프로그래밍: Java를 활용한,7926.0,5.0,자바
kocw,"HTML5, CSS3, Javascript 기반의 웹 서비스 개발",15781.0,-1.0,자바
kocw,자바 프로그래밍응용,25955.0,4.5,자바
kocw,자바프로그래밍,23970.0,-1.0,자바
kocw,"자바, 조금 더 공부하기",9103.0,-1.0,자바
kocw,"자바프로그래밍, 모바일프로그래밍(선후수 연계교과목)",24461.0,-1.0,자바
kocw,자바와 함께하는 프로그래밍 기초,18963.0,-1.0,자바
kocw,자바 프로그래밍응용,25956.0,4.5,자바
kocw,자바프로그래밍,23971.0,-1.0,자바
kocw,"자바프로그래밍, 모바일프로그래밍(선후수 연계교과목)",24462.0,-1.0,자바
kocw,자바와 함께하는 프로그래밍 기초,18964.0,-1.0,자바
kocw,"자바, 조금 더 공부하기",9104.0,-1.0,자바
kocw,자바프로그래밍,23972.0,-1.0,자바
kocw,자바와 함께하는 프로그래밍 기초,18965.0,-1.0,자바
kocw,자바 프로그래밍응용,25957.0,4.5,자바
kocw,"자바프로그래밍, 모바일프로그래밍(선후수 연계교과목)",24463.0,-1.0,자바
kocw,"자바, 조금 더 공부하기",9105.0,-1.0,자바
kocw,기초 JAVA 언어,3866.0,-1.0,자바
kocw,JAVA프로그래밍2,591.0,-1.0,자바
kocw,JAVA프로그래밍1,908.0,5.0,자바
kocw,JAVA프로그래밍,30052.0,2.0,자바
kocw,기초 JAVA 언어,3867.0,-1.0,자바
kocw,JAVA프로그래밍1,909.0,5.0,자바
kocw,JAVA프로그래밍2,592.0,-1.0,자바
kocw,JAVA프로그래밍,30053.0,2.0,자바
kocw,JAVA프로그래밍,30054.0,2.0,자바
kocw,JAVA프로그래밍1,910.0,5.0,자바
kocw,JAVA프로그래밍2,593.0,-1.0,자바
kocw,C언어기초,45473.0,3.2,C언어
kocw,C언어프로그래밍1,57806.0,4.0,C언어
kocw,C언어프로그래밍,46420.0,5.0,C언어
kocw,C언어프로그래밍,64118.0,4.8,C언어
kocw,C언어 기초,69018.0,2.8,C언어
kocw,C언어기초,45383.0,-1.0,C언어
kocw,C언어프로그래밍(1),501.0,-1.0,C언어
kocw,실전 C언어 프로그래밍,14334.0,2.5,C언어
kocw,C언어기반 코딩교육,10800.0,3.7,C언어
kocw,실전 C언어 프로그래밍,14335.0,2.5,C언어
kocw,C언어프로그래밍,64119.0,4.8,C언어
kocw,C언어프로그래밍(1),502.0,-1.0,C언어
kocw,C언어프로그래밍1,57807.0,4.0,C언어
kocw,C언어프로그래밍,46421.0,5.0,C언어
kocw,C언어기초,45474.0,3.2,C언어
kocw,C언어 기초,69019.0,2.8,C언어
kocw,문제 해결 중심의 C#프로그래밍,20302.0,-1.0,C언어
kocw,Visual C# GUI 프로그래밍,22354.0,5.0,C언어
kocw,C++를 이용한 객체지향프로그래밍,6871.0,5.0,C언어
kocw,C++프로그래밍,65349.0,4.6,C언어
kocw,C++프로그래밍,7021.0,5.0,C언어
kocw,C++를 이용한 객체지향프로그래밍,6872.0,5.0,C언어
,c언어 컴퓨터 프로그래밍,40401.0,4.0,C언어
,c언어 컴퓨터 프로그래밍,40402.0,4.0,C언어
