site,title,price,view,score,subject
inflearn,Python 엑셀 프로그래밍 - with xlsxwriter,55000.0,7.0,-1.0,파이썬
inflearn,Python을 이용한 주가 백테스팅 시스템 구축하기,55000.0,57.0,-1.0,파이썬
inflearn,제주 하간디 이신 데이터들 Python으로 몬딱 분석해불게,88000.0,94.0,-1.0,파이썬
inflearn,Python 부트캠프,55000.0,88.0,-1.0,파이썬
inflearn,"HTML, CSS, JS, Python 30분 요약강좌",0.0,3792.0,4.8,파이썬
inflearn,(Python) 누구나 캐글에 입문할 수 있다 (feat. 지방대/비전공/인문학도),36300.0,11.0,-1.0,파이썬
inflearn,처음하는 코딩 - 러플 (중등교육 - Python),0.0,129.0,-1.0,파이썬
inflearn,제주코딩베이스캠프 Code Festival: Python 100제,55000.0,485.0,4.8,파이썬
inflearn,실전 파이썬 게임 만들기 (Python),0.0,3983.0,4.8,파이썬
inflearn,파이썬 크롤링(Python Crawling) 으로 웹 데이터 추출 입문부터 실습까지,38500.0,47.0,3.8,파이썬
inflearn,30분 요약 강좌 시즌2 : Python 활용편,0.0,479.0,5.0,파이썬
inflearn,WEB2 - Python 기초,0.0,2215.0,5.0,파이썬
inflearn,남박사의 파이썬으로 실전 웹사이트 만들기,55000.0,343.0,5.0,파이썬
inflearn,프로그래밍 시작하기 : 파이썬 입문 (Inflearn Original),55000.0,4688.0,4.7,파이썬
inflearn,우리를 위한 프로그래밍 : 파이썬 중급 (Inflearn Original),55000.0,1954.0,4.7,파이썬
inflearn,[OpenCV] 파이썬 딥러닝 영상처리 프로젝트 - 손흥민을 찾아라!,55000.0,253.0,4.6,파이썬
inflearn,파이썬 알고리즘 문제풀이(코딩테스트 대비),66000.0,909.0,5.0,파이썬
inflearn,SQL/DB(MySQL) 기본부터 파이썬/데이터분석 활용까지!,44000.0,487.0,4.7,파이썬
inflearn,공공데이터로 파이썬 데이터 분석 시작하기,55000.0,2442.0,4.8,파이썬
inflearn,[OpenCV] 파이썬 딥러닝 영상처리 프로젝트 2 - 불량사과를 찾아라!,77000.0,59.0,-1.0,파이썬
inflearn,파이썬 머신러닝 완벽 가이드,99000.0,1174.0,4.9,파이썬
inflearn,파이썬 데이터시각화 분석 실전 프로젝트,33000.0,303.0,4.6,파이썬
inflearn,남박사의 파이썬 실전 100% 활용,66000.0,944.0,4.9,파이썬
inflearn,"프로그래밍, 데이터 과학을 위한 파이썬 입문",33000.0,2030.0,4.6,파이썬
inflearn,"처음하는 파이썬 데이터 분석 [전처리, pandas, 시각화까지 전과정 기본 기술 쉽게 익히기]",55000.0,135.0,5.0,파이썬
inflearn,"파이썬 웹 개발(Flask, SQLAlchemy 이용)",22000.0,13.0,-1.0,파이썬
inflearn,파이썬 판다스(pandas)로 데이터 분석 및 가공하기,22000.0,11.0,-1.0,파이썬
inflearn,파이썬 무료 강의 (기본편) - 6시간 뒤면 나도 개발자,0.0,7555.0,4.9,파이썬
inflearn,[텐서플로2] 파이썬 머신러닝 완전정복 - 마라톤 기록예측 프로젝트,33000.0,203.0,4.3,파이썬
inflearn,NoSQL DB (몽고DB/mongodb)  기본부터 파이썬/데이터분석 활용까지!,44000.0,360.0,4.8,파이썬
inflearn,행정직을 위한 정시퇴근각 - 파이썬 업무자동화,11000.0,156.0,4.8,파이썬
inflearn,[저자직강] Hello Coding 한입에 쏙 파이썬: 크리에이터 김왼손의 쉽고 빠른 파이썬 강의,0.0,2226.0,4.7,파이썬
inflearn,파이썬 입문 및 웹 크롤링을 활용한 다양한 자동화 어플리케이션 제작하기,55000.0,1521.0,4.9,파이썬
inflearn,"코린아, 코딩하자! with 파이썬",0.0,38.0,-1.0,파이썬
inflearn,파이썬 무료 강의 (활용편2) - GUI 프로그래밍 (4시간),0.0,395.0,5.0,파이썬
inflearn,초보자도 간단히 단숨에 배우는 파이썬 프로그래밍,0.0,755.0,5.0,파이썬
inflearn,김대리님 이게 바로 업무 자동화입니다 (엑셀 + 파이썬),16500.0,36.0,4.7,파이썬
inflearn,웹 자동화 프로그램 만들기(파이썬 + 셀레니움),11000.0,61.0,-1.0,파이썬
inflearn,초간단 초스피드 데이터 수집 (파이썬 크롤링),11000.0,57.0,4.5,파이썬
inflearn,"[텐서플로2] 파이썬 딥러닝 완전정복 - GAN, BERT, RNN, CNN 최신기법",33000.0,157.0,3.5,파이썬
inflearn,"업무 자동화를 위한 파이썬 pyautogui, beautifulsoup 크롤링 기초",0.0,1763.0,4.9,파이썬
inflearn,파이썬입문과 크롤링기초 부트캠프 (2020 업데이트) [쉽게! 견고한 자료까지!],55000.0,1043.0,4.9,파이썬
inflearn,파이썬 레시피 - 웹 활용 입문편 (전자책 포함),0.0,2128.0,4.8,파이썬
inflearn,파이썬을 활용한 선형대수학 - NumPy와 SciPy의 활용,55000.0,194.0,-1.0,파이썬
inflearn,파이썬 사용자를 위한 웹개발 입문 A to Z Django + Bootstrap,55000.0,714.0,4.4,파이썬
inflearn,파이썬으로 장고(Django) 공략하기: 입문,44000.0,337.0,4.6,파이썬
inflearn,파이썬으로 구현하는 거래 자동화 봇 (챗봇),55000.0,144.0,4.4,파이썬
inflearn,김왼손의 미운코딩새끼: 4시간만에 끝내는 파이썬 기초 (전자책 포함),0.0,12207.0,4.9,파이썬
inflearn,파이썬을 이용한 IT 해킹과 보안,110000.0,255.0,4.7,파이썬
inflearn,파이썬 무료 강의 (활용편1) - 추억의 오락실 게임 만들기 (3시간),0.0,1257.0,4.9,파이썬
inflearn,실시간 트렌드 홈페이지 개발(파이썬 크롤링 + Flask),13200.0,83.0,5.0,파이썬
inflearn,입문자를 위한 파이썬 기초 따라잡기,0.0,1351.0,4.9,파이썬
inflearn,파이썬 100분 핵심강의,22000.0,116.0,4.0,파이썬
inflearn,파이썬으로 영화 예매 오픈 알리미 만들기,0.0,3319.0,4.9,파이썬
inflearn,파이썬 라즈베리파이 IoT프로젝트-원격모니터링 자동차,33000.0,106.0,4.5,파이썬
inflearn,파이썬스쿨 - 파이썬 프로그래밍을 이용한 업무 자동화,121000.0,222.0,4.8,파이썬
inflearn,마인크래프트 게임을 활용한 파이썬 프로그래밍 완벽 이해,55000.0,230.0,4.6,파이썬
inflearn,실전 파이썬 게임 만들기 (Python),0.0,3983.0,4.8,파이썬
inflearn,파이썬 프로그래밍,0.0,5160.0,4.8,파이썬
inflearn,파이썬 크롤링(Python Crawling) 으로 웹 데이터 추출 입문부터 실습까지,38500.0,47.0,3.8,파이썬
inflearn,[NLP] IMDB 영화리뷰 감정 분석을 통한 파이썬 텍스트 분석과 자연어 처리,22000.0,2150.0,4.5,파이썬
inflearn,머신러닝 이론 및 파이썬 실습,0.0,6664.0,4.8,파이썬
inflearn,초절정 파이썬 강좌 (python),0.0,4885.0,4.0,파이썬
inflearn,김왼손의 파이썬 예제 뽀개기,0.0,1421.0,4.9,파이썬
inflearn,파이썬을 활용한 데이터분석과 IT보안,132000.0,88.0,5.0,파이썬
inflearn,파이썬 웹 프로그래밍 - Django로 웹 서비스 개발하기,55000.0,626.0,3.9,파이썬
inflearn,프로젝트를 통해 배우는 파이썬 프로그램,0.0,2199.0,4.2,파이썬
inflearn,처음 시작하는 파이썬,16500.0,151.0,4.6,파이썬
inflearn,파이썬을 이용한 웹 크롤링(Web Crawling) 어플리케이션 만들기,0.0,7030.0,4.3,파이썬
inflearn,빠르게 활용 가능한 파이썬 3.2 프로그래밍,0.0,1619.0,3.3,파이썬
,초절정 파이썬 강좌 (python),0.0,4885.0,4.0,파이썬
,MIT 공개강좌 - 컴퓨터 과학 & 프로그래밍 입문 (python),0.0,2638.0,-1.0,파이썬
inflearn,함수형 프로그래밍과 JavaScript ES6+ 응용편,44000.0,751.0,5.0,자바
inflearn,"더 자바, Java 8",55000.0,184.0,4.7,자바
inflearn,"Java TPC(생각하고, 표현하고, 코딩하고)",27500.0,350.0,5.0,자바
inflearn,Javascript ES6+ 제대로 알아보기 - 중급,49500.0,351.0,4.9,자바
inflearn,제주코딩베이스캠프 Code Festival: JavaScript 100제,55000.0,288.0,4.7,자바
inflearn,Javascript 핵심 개념 알아보기 - JS Flow,15400.0,1766.0,4.7,자바
inflearn,"웹 개발 슈퍼 기초 (HTML, CSS, Javascript)",11000.0,74.0,5.0,자바
inflearn,Java 기반 Android 9.0(pie) App 개발 고급 3단계,27500.0,73.0,-1.0,자바
inflearn,함수형 프로그래밍과 JavaScript ES6+,55000.0,1300.0,4.8,자바
inflearn,Javascript ES6+ 제대로 알아보기 - 초급,34650.0,683.0,5.0,자바
inflearn,Javascript ES6+ 제대로 알아보기 - 보너스,0.0,511.0,5.0,자바
inflearn,처음하는 코딩 - 플레이봇 (중등교육 -Javascript),22000.0,9.0,-1.0,자바
inflearn,생활코딩 - JavaScript Immutability,0.0,585.0,4.9,자바
inflearn,쉽고 자연스럽게 배워보는 Javascript 입문 - 코드스쿼드 마스터즈 코스 레벨1,22000.0,581.0,4.9,자바
inflearn,MongoDB - Javascript로 배우는 NoSQL DB,33000.0,286.0,3.9,자바
inflearn,Java로 배우는 자료구조,0.0,6496.0,4.7,자바
inflearn,웹브라우저 Javascript (자바스크립트),0.0,5358.0,4.9,자바
inflearn,Java TPC 실전프로젝트(Java API 활용),16500.0,139.0,4.0,자바
inflearn,게임으로 배우는 JavaScript,0.0,863.0,-1.0,자바
inflearn,WEB2 - JavaScript,0.0,4996.0,4.9,자바
inflearn,Java 기반 Android 9.0(pie) App 개발 기본 1단계,27500.0,198.0,4.6,자바
inflearn,Kevin의 알기 쉬운 Java 개발자 로드맵 이야기,0.0,1564.0,4.5,자바
inflearn,Java 기반 Android 9.0(pie) App 개발 심화 2단계,27500.0,136.0,-1.0,자바
inflearn,윤재성의 처음시작하는 JavaScript Tutorials,16500.0,42.0,-1.0,자바
inflearn,"더 자바, 애플리케이션을 테스트하는 다양한 방법",66000.0,688.0,4.7,자바
inflearn,"더 자바, Java 8",55000.0,184.0,4.7,자바
inflearn,자바 머신러닝 weka(웨카) 중급,33000.0,9.0,-1.0,자바
inflearn,자바스크립트 머신러닝 TensorFlow.js,55000.0,45.0,-1.0,자바
inflearn,"더 자바, 코드를 조작하는 다양한 방법",49500.0,1184.0,4.9,자바
inflearn,자바 : 클래스의 이해와 객체지향 프로그래밍,16500.0,364.0,4.7,자바
inflearn,자바 ORM 표준 JPA 프로그래밍 - 기본편,121000.0,1505.0,5.0,자바
inflearn,자바스크립트 ES6+ 기본,33000.0,66.0,-1.0,자바
inflearn,호주 현직 자바 개발자가 묻고 답하는 영어 기술면접 25,16500.0,48.0,5.0,자바
inflearn,자바 스프링 프레임워크(renew ver.) - 신입 프로그래머를 위한 강좌,16500.0,27929.0,4.7,자바
inflearn,"그림으로 배우는 자바, 파트1: 입문!",19800.0,354.0,4.9,자바
inflearn,자바스크립트 중고급: 근본 핵심 이해,38500.0,197.0,4.5,자바
inflearn,자바스크립트 비기너: 튼튼한 기본 만들기,33000.0,211.0,4.6,자바
inflearn,Do it! 자바 프로그래밍 입문,0.0,3408.0,4.9,자바
inflearn,웹 게임을 만들며 배우는 자바스크립트,0.0,5487.0,4.7,자바
inflearn,자바스크립트로 알아보는 함수형 프로그래밍 (ES5),0.0,8016.0,4.8,자바
inflearn,자바 머신러닝 weka(웨카) 초급,0.0,875.0,5.0,자바
inflearn,정말 쉽게 풀어보는  코딩 테스트 top 기본 문제 (with 자바),44000.0,375.0,3.9,자바
inflearn,자바 프로그래밍 입문 강좌 (renew ver.) - 초보부터 개발자 취업까지!!,5500.0,38547.0,4.6,자바
inflearn,모던 자바스크립트(javascript) 개발을 위한 ES6 강좌,0.0,5786.0,4.6,자바
inflearn,Node.js 웹개발로 알아보는 백엔드 자바스크립트의 이해,0.0,6036.0,4.5,자바
inflearn,자바 디자인 패턴의 이해 - Gof Design Pattern,0.0,5911.0,4.8,자바
inflearn,웹브라우저 Javascript (자바스크립트),0.0,5358.0,4.9,자바
inflearn,"그림으로 배우는 자바, 파트2: 객체지향!",19800.0,293.0,4.8,자바
inflearn,자바(javafx) 실전 데스크탑앱 프로젝트 - 유튜브관리앱,24200.0,30.0,5.0,자바
inflearn,윤재성의 안드로이드를 위한 자바 프로그래밍,11000.0,1668.0,4.8,자바
inflearn,왕초보 블록체인 개념 완벽 이해하기(with 자바),44000.0,106.0,3.6,자바
inflearn,자바(JAVA) 언어 기본 강좌,0.0,3948.0,4.3,자바
inflearn,자바스크립트 언어 기본 - javascript,0.0,12679.0,4.9,자바
inflearn,실전 자바 01 초보자 편,16500.0,44.0,-1.0,자바
inflearn,디자인 패턴 with JAVA (GoF),33000.0,460.0,4.6,자바
inflearn,만들어 가면서 배우는 JAVA 플레이그라운드,0.0,3331.0,4.5,자바
inflearn,자바(JAVA) 언어 기본 강좌,0.0,3948.0,4.3,자바
inflearn,2. 웹개발 코스 [JAVA 개발언어],0.0,468.0,4.0,자바
,실습 UI 개발로 배워보는 순수 javascript 와 VueJS 개발,44000.0,1210.0,4.9,자바
,javascript 로 데스크탑 앱을 - 일렉트론 기초 강좌,55000.0,188.0,4.9,자바
,모던 자바스크립트(javascript) 개발을 위한 ES6 강좌,0.0,5786.0,4.6,자바
,자바(javafx) 실전 데스크탑앱 프로젝트 - 유튜브관리앱,24200.0,30.0,5.0,자바
,자바스크립트 언어 기본 - javascript,0.0,12679.0,4.9,자바
inflearn,홍정모의 따라하며 배우는 C언어,55000.0,1264.0,4.9,C언어
inflearn,문제로 배우는 C언어,11000.0,502.0,5.0,C언어
inflearn,홍정모의 따라하며 배우는 C언어 (부록),33000.0,51.0,-1.0,C언어
inflearn,처음 시작하는 C언어,11000.0,2031.0,4.5,C언어
inflearn,[C#과 유니티로 만드는 MMORPG 게임 개발 시리즈] Part3: 유니티 엔진,88000.0,412.0,5.0,C언어
inflearn,[C#과 유니티로 만드는 MMORPG 게임 개발 시리즈] Part2: 자료구조와 알고리즘,44000.0,464.0,4.9,C언어
inflearn,유니티(Unity)로 시작하는 게임개발: Part 2. C# 프로그래밍 입문,77000.0,43.0,-1.0,C언어
inflearn,[C#과 유니티로 만드는 MMORPG 게임 개발 시리즈] Part6: 웹 서버,44000.0,126.0,-1.0,C언어
inflearn,[C#과 유니티로 만드는 MMORPG 게임 개발 시리즈] Part4: 게임 서버,88000.0,384.0,4.9,C언어
inflearn,[C#과 유니티로 만드는 MMORPG 게임 개발 시리즈] Part1: C# 기초 프로그래밍 입문,44000.0,606.0,5.0,C언어
inflearn,C# OpenCV 컴퓨터비전 입문 강좌,33000.0,111.0,4.8,C언어
inflearn,아무것도 모르고 시작하는 C#,19800.0,7.0,-1.0,C언어
inflearn,C# 윈폼_ 응용프로그램 개발,77000.0,25.0,-1.0,C언어
inflearn,C# 프로그래밍 기초,16500.0,102.0,4.9,C언어
inflearn,레트로의 유니티 C# 게임 프로그래밍 에센스,88000.0,783.0,4.9,C언어
inflearn,[C#과 유니티로 만드는 MMORPG 게임 개발 시리즈] Part5: 데이터베이스,44000.0,159.0,5.0,C언어
inflearn,C# 처음부터 배우기,0.0,490.0,4.0,C언어
inflearn,C# 프로그래밍,0.0,5074.0,4.8,C언어
inflearn,14일만에 배우는 C#닷넷코어,33000.0,95.0,4.0,C언어
inflearn,C# 네트워크 프로그래밍,0.0,1576.0,4.4,C언어
inflearn,[C# 초보 강좌] 예제로 배우는 C#,0.0,6076.0,4.9,C언어
inflearn,[C# 중급 강좌] 라이브러리 만들기,0.0,2096.0,4.9,C언어
inflearn,it 취업을 위한 알고리즘 문제풀이 (with C/C++) : 코딩테스트 대비,77000.0,753.0,4.9,C언어
inflearn,홍정모의 따라하며 배우는 C++,77000.0,2515.0,4.9,C언어
inflearn,언리얼 엔진 4 C++ : Time Travel RPG 제작,55000.0,124.0,3.3,C언어
inflearn,C++ Let's Make Games,0.0,3779.0,4.6,C언어
inflearn,C 와 C++ 을 동시에 배워보자 - 두들낙서의 C/C++,0.0,8430.0,4.9,C언어
inflearn,C++ 로 배우는 자료구조와 알고리즘,0.0,4979.0,3.8,C언어
