site,title,price,view,score,subject
groom,[30분 요약 시리즈 시즌2] Python 활용편,0.0,54.0,0.0,파이썬
groom,COS PRO 1급 기출문제 - Python,0.0,73.0,0.0,파이썬
groom,COS PRO 2급 기출문제 - Python,0.0,255.0,5.0,파이썬
groom,[30분 요약 시리즈 시즌1] HTML/CSS/JS/Python 요약편,0.0,184.0,5.0,파이썬
groom,xlsxwriter 튜토리얼로 배우는 Python 엑셀 프로그래밍,55000.0,8.0,0.0,파이썬
groom,생활코딩 - WEB2: Python,0.0,171.0,0.0,파이썬
groom,제코베 Code Festival: Python 100제,55000.0,23.0,0.0,파이썬
groom,[바로실습] 생활코딩 - 파이썬(Python),0.0,2344.0,4.7,파이썬
groom,"코린아, 코딩하자! with 파이썬",0.0,18.0,5.0,파이썬
groom,무료 파이썬 활용편2 - GUI 프로그래밍,0.0,48.0,5.0,파이썬
groom,무료 파이썬 활용편1 - 추억의 오락실 게임 만들기,0.0,318.0,4.8,파이썬
groom,딥러닝 이론 및 파이썬 실습,0.0,214.0,5.0,파이썬
groom,무료 파이썬 기본편 - 6시간 뒤면 나도 개발자,0.0,751.0,5.0,파이썬
groom,한 눈에 읽는 파이썬3 기초,0.0,1661.0,4.9,파이썬
groom,파이썬을 이용한 데이터분석과 IT보안,198000.0,1.0,0.0,파이썬
groom,파이썬 100분 핵심강의,22000.0,3.0,0.0,파이썬
groom,파이썬 스쿨 - 파이썬 프로그래밍을 이용한 업무 자동화,121000.0,3.0,0.0,파이썬
groom,파이썬으로 만드는 라즈베리 파이 사물인터넷(IoT)프로젝트 - 기본편,33000.0,6.0,0.0,파이썬
groom,파이썬을 이용한 IT 해킹과 보안,110000.0,15.0,5.0,파이썬
groom,마인크래프트 게임을 활용한 파이썬 프로그래밍 완벽 이해,55000.0,3.0,0.0,파이썬
groom,프로젝트를 통해 배우는 파이썬 프로그래밍,0.0,653.0,4.9,파이썬
groom,파이썬 오픈소스도구를 활용한 악성코드 분석,110000.0,0.0,0.0,파이썬
groom,처음 시작하는 파이썬,16500.0,1.0,0.0,파이썬
groom,완벽 파이썬 크롤링 A to Z 풀패키지 부트캠프,59400.0,111.0,5.0,파이썬
groom,김왼손의 파이썬 예제 뽀개기,0.0,460.0,5.0,파이썬
groom,머신러닝 이론 및 파이썬 실습,0.0,737.0,4.8,파이썬
groom,헬로 코딩 쌩초보의 처음 프로그래밍 파이썬,0.0,345.0,5.0,파이썬
groom,[저자직강] Hello Coding 한입에 쏙 파이썬: 크리에이터 김왼손의 쉽고 빠른 파이썬 강의,0.0,394.0,5.0,파이썬
groom,김왼손의 유기농냠냠파이썬,0.0,723.0,5.0,파이썬
groom,한 눈에 끝내는 파이썬3 기초,59400.0,4890.0,4.9,파이썬
groom,[PYCON2017 시리즈] 파이썬에서 보다 정확한 숫자 계산하기,0.0,187.0,5.0,파이썬
groom,김왼손의 미운코딩새끼: 4시간만에 끝내는 파이썬 기초,0.0,1492.0,4.9,파이썬
groom,[바로실습] 생활코딩 - 파이썬(Python),0.0,2344.0,4.7,파이썬
groom,일본어로 배우는 Java 입문,30000.0,0.0,0.0,자바
groom,COS PRO 1급 기출문제 - Java,0.0,38.0,0.0,자바
groom,프레임워크를 위한 JavaScript ES6,34300.0,1404.0,5.0,자바
groom,COS PRO 2급 기출문제 - Java,0.0,84.0,1.0,자바
groom,[바로실습] 생활코딩 - JavaScript Immutability,0.0,109.0,0.0,자바
groom,처음 시작하는 JavaScript Programming,16500.0,1.0,0.0,자바
groom,Java 기반 Android 9.0 Pie App 개발 고급,27500.0,1.0,0.0,자바
groom,Java 기반 Android 9.0 Pie App 개발 심화,27500.0,1.0,0.0,자바
groom,Java 기반 Android 9.0 Pie App 개발 기본,27500.0,1.0,0.0,자바
groom,생활코딩 - WEB2: JavaScript,0.0,231.0,5.0,자바
groom,게임으로 배우는 JavaScript,0.0,256.0,5.0,자바
groom,웹 게임을 만들며 배우는 JavaScript(자바스크립트),0.0,1128.0,5.0,자바
groom,모던 웹을 위한 JavaScript + jQuery 입문,0.0,642.0,5.0,자바
groom,[바로실습] 생활코딩 - 자바스크립트(Javascript),0.0,649.0,5.0,자바
groom,안드로이드 앱 개발로 배우는 자바 코딩 기초,9500.0,1.0,0.0,자바
groom,안드로이드를 위한 자바 프로그래밍,0.0,86.0,0.0,자바
groom,디스코드 자바스크립트 튜토리얼,0.0,213.0,4.8,자바
groom,한 눈에 읽는 자바 기초,0.0,734.0,4.9,자바
groom,센치한 개발자의 자바 기초,0.0,220.0,5.0,자바
groom,"부담 없이 쉽고 편하게, 자바스크립트 기초 정리!",0.0,482.0,4.9,자바
groom,한 눈에 끝내는 자바 기초,59400.0,2236.0,4.9,자바
groom,[저자 직강 바로 실행] Do it! 웹 프로그래밍을 위한 자바스크립트 기본 편,0.0,223.0,5.0,자바
groom,[저자 직강 바로 실행] Do it! 자바스크립트 + 제이쿼리 입문,0.0,253.0,5.0,자바
groom,자바로 이해하는 블록체인 이론과 실습,0.0,179.0,5.0,자바
groom,안경잡이개발자가 알려주는 자바 기초 프로그래밍,0.0,262.0,5.0,자바
groom,웹 게임을 만들며 배우는 JavaScript(자바스크립트),0.0,1128.0,5.0,자바
groom,모던 자바스크립트 개발자를 위한 리액트 프로그래밍,0.0,219.0,0.0,자바
groom,[바로실습] 생활코딩 - 자바스크립트(Javascript),0.0,649.0,5.0,자바
groom,[바로실습] 생활코딩 - 자바(JAVA),0.0,2328.0,4.7,자바
groom,[번역판] CLEAN CODE JAVASCRIPT,0.0,206.0,5.0,자바
groom,[바로실습] 생활코딩 - JAVA 객체 지향 프로그래밍,0.0,168.0,5.0,자바
groom,[바로실습] 생활코딩 - JAVA method,0.0,133.0,5.0,자바
groom,[바로실습] 생활코딩 - JAVA 제어문,0.0,109.0,5.0,자바
groom,[바로실습] 생활코딩 - JAVA1,0.0,339.0,5.0,자바
groom,[바로실습] 생활코딩 - 자바(JAVA),0.0,2328.0,4.7,자바
groom,COS PRO 1급 기출문제 - C언어,0.0,65.0,0.0,C언어
groom,COS PRO 2급 기출문제 - C언어,0.0,201.0,5.0,C언어
groom,처음 시작하는 C언어,0.0,798.0,4.6,C언어
groom,안경잡이개발자가 알려주는 C언어 기초 프로그래밍,0.0,502.0,5.0,C언어
groom,"[2017 NIA SW교안 공유 공모전] C언어, 스크래치를 통해 알아보자",0.0,414.0,4.7,C언어
groom,한 눈에 끝내는 C언어 기초,0.0,8940.0,4.9,C언어
groom,레트로의 유니티 C# 프로그래밍 에센스,88000.0,28.0,5.0,C언어
groom,동시에 배우는 C와 C++,0.0,171.0,5.0,C언어
groom,COS PRO 1급 기출문제 - C++,0.0,46.0,0.0,C언어
groom,COS PRO 2급 기출문제 - C++,0.0,108.0,3.0,C언어
