site,title,price,view,subject
programmers,[Python/문제풀이] K사 코딩테스트 기출문제 Best7,70000.0,50.0,파이썬
programmers,"[Python/문제풀이] 파이썬을 무기로, 코딩테스트 광탈을 면하자!",70000.0,238.0,파이썬
programmers,COS Pro 2급 Python 모의고사,0.0,3873.0,파이썬
programmers,"[Python/문제풀이] 파이썬을 무기로, 코딩테스트 광탈을 면하자!",70000.0,238.0,파이썬
programmers,파이썬을 파이썬답게,0.0,12556.0,파이썬
programmers,[저자직강] Hello Coding 한입에 쏙 파이썬: 크리에이터 김왼손의 쉽고 빠른 파이썬 강의,0.0,2282.0,파이썬
programmers,김왼손의 미운코딩새끼: 4시간만에 끝내는 파이썬 기초,0.0,2911.0,파이썬
programmers,파이썬 입문,0.0,29877.0,파이썬
programmers,[Java/문제풀이] 코딩테스트 광탈 방지 Kit: Java편,70000.0,50.0,자바
programmers,"Java Playground: 자바, 무섭지 않아요!",0.0,3080.0,자바
programmers,"Hello, JavaScript: 자바스크립트 입문",0.0,9618.0,자바
programmers,[바닐라코딩] 자바스크립트 this 정복하기,0.0,778.0,자바
programmers,"Java Playground: 자바, 무섭지 않아요!",0.0,3080.0,자바
programmers,자바 입문,0.0,30605.0,자바
programmers,자바 중급,0.0,8736.0,자바
programmers,"Hello, JavaScript: 자바스크립트 입문",0.0,9618.0,자바
programmers,자바스크립트와 웹 프론트엔드,0.0,5015.0,자바
programmers,자바로 배우는 자료구조(with 생활코딩),0.0,7713.0,자바
programmers,나도 코딩 C언어,0.0,1652.0,C언어
programmers,Unity로 배우는 C#,0.0,6710.0,C언어
programmers,"[C++/문제풀이] C++을 무기로, 코딩테스트 광탈을 면하자!",70000.0,134.0,C언어
